,X,player.x,pos.x,age.x,tm.x,g.x,mp.x,per,tspercent,x3par,ftr,orbpercent,drbpercent,trbpercent,astpercent,stlpercent,blkpercent,tovpercent,usgpercent,ows,dws,ws,obpm,dbpm,bpm,vorp,mp.y,fg,fga,fgpercent,x3p,x3pa,x3ppercent,x2p,x2pa,x2ppercent,efgpercent,ftpercent,pts,FGM_0_5,FGA_0_5,FGP_0_5,FGM_5_9,FGA_5_9,FGP_5_9,FGM_10_14,FGA_10_14,FGP_10_14,FGM_15_19,FGA_15_19,FGP_15_19,FGM_20_24,FGA_20_24,FGP_20_24,FGM_25_29,FGA_25_29,FGP_25_29
1,1,Álex Abrines,SG,24,OKC,75,1134,9,0.567,0.759,0.158,2.5,8.9,5.6,3.4,1.7,0.6,7.4,12.7,1.3,1,2.2,-0.5,-1.7,-2.2,-0.1,15.1,1.5,3.9,0.395,1.1,2.9,0.38,0.4,0.9,0.443,0.54,0.848,4.7,0.3,0.6,54.8,0,0.1,28.6,0.1,0.1,62.5,0,0.1,0,0.5,1.5,36.8,0.6,1.6,39.3
2,2,Quincy Acy,PF,27,BRK,70,1359,8.2,0.525,0.8,0.164,3.1,17.1,10,6,1.2,1.6,13.3,14.4,-0.1,1.1,1,-2,-0.2,-2.2,-0.1,19.4,1.9,5.2,0.356,1.5,4.2,0.349,0.4,1,0.384,0.496,0.817,5.9,0.3,0.7,45.7,0,0.1,0,0,0.1,20,0.1,0.2,45.5,0.7,2.1,34.5,0.8,2.2,34.9
3,3,Steven Adams,C,24,OKC,76,2487,20.6,0.63,0.003,0.402,16.6,13.9,15.3,5.5,1.8,2.8,13.3,16.7,6.7,3,9.7,2.2,1.1,3.3,3.3,32.7,5.9,9.4,0.629,0,0,0,5.9,9.3,0.631,0.629,0.559,13.9,4.8,7.2,66.9,0.8,1.6,50.4,0.3,0.5,52.8,0,0.1,20,0,0,0,0,0,0
4,4,Bam Adebayo,C,20,MIA,69,1368,15.7,0.57,0.021,0.526,9.7,21.6,15.6,11,1.2,2.5,13.6,15.9,2.3,1.9,4.2,-1.6,1.8,0.2,0.8,19.8,2.5,4.9,0.512,0,0.1,0,2.5,4.8,0.523,0.512,0.721,6.9,2.2,3.7,59.5,0.2,0.6,30.8,0.1,0.4,26.9,0.1,0.2,33.3,0,0,0,0,0,0
5,5,Arron Afflalo,SG,32,ORL,53,682,5.8,0.516,0.432,0.16,0.6,10.1,5.3,6.2,0.3,1.1,10.8,12.5,-0.1,0.2,0.1,-4.1,-1.8,-5.8,-0.7,12.9,1.2,3.1,0.401,0.5,1.3,0.386,0.7,1.7,0.413,0.485,0.846,3.4,0.3,0.4,60.9,0.1,0.2,50,0.1,0.4,30,0.2,0.5,35.7,0.3,0.9,34,0.2,0.5,41.4
6,6,LaMarcus Aldridge,C,32,SAS,75,2509,25,0.57,0.068,0.296,10.8,17.3,14,11.3,0.9,3,6.8,29.1,7.4,3.5,10.9,3,0.3,3.3,3.3,33.5,9.2,18,0.51,0.4,1.2,0.293,8.8,16.7,0.526,0.52,0.837,23.1,4.2,6.2,67.8,1.1,2.6,44.3,1.8,4,44.4,1.4,3.2,42.3,0.5,1.3,41.8,0.2,0.7,24.1
7,7,Jarrett Allen,C,19,BRK,72,1441,17.5,0.636,0.038,0.37,10.5,18.1,14.3,5.4,0.9,4.6,15.1,16.3,2.7,1.5,4.2,-1.3,1.4,0.2,0.8,20,3.3,5.5,0.589,0.1,0.2,0.333,3.2,5.3,0.599,0.596,0.776,8.2,2.8,4.3,65.5,0.3,0.7,39.2,0.1,0.2,38.5,0,0.1,22.2,0.1,0.2,40,0,0,0
8,8,Al-Farouq Aminu,PF,27,POR,69,2072,12,0.522,0.582,0.137,5.2,22.3,13.8,5.8,1.9,1.6,11.3,14.8,0.9,3.2,4.2,-0.8,1.9,1.1,1.6,30,3.3,8.4,0.395,1.8,4.9,0.369,1.5,3.5,0.432,0.503,0.738,9.3,1.2,2.1,58.9,0.2,0.7,24.5,0,0.2,16.7,0,0.4,11.1,1,2.5,41.3,0.8,2.6,31.8
9,9,Justin Anderson,SF,24,PHI,38,519,13,0.54,0.51,0.188,5.4,13.6,9.6,7.1,1.4,1.1,6.8,19.3,0.6,0.7,1.2,-0.5,-1.5,-2,0,13.7,2.3,5.3,0.431,0.9,2.7,0.33,1.4,2.6,0.535,0.515,0.737,6.2,1.2,1.9,63,0,0.3,0,0.1,0.2,28.6,0.1,0.2,62.5,0.3,1.2,26.8,0.6,1.7,36.5
10,10,Kyle Anderson,SF,24,SAS,74,1978,15.9,0.582,0.13,0.333,4.7,17.6,11.1,14.7,2.9,2.5,15.8,13.5,2.4,3.8,6.2,-0.3,4.3,4.1,3,26.7,3.1,5.9,0.527,0.3,0.8,0.333,2.9,5.1,0.556,0.549,0.712,7.9,1.9,2.9,64.5,0.4,0.9,44.6,0.3,0.6,41.7,0.2,0.5,47.1,0.3,0.8,40,0.1,0.2,26.7
11,11,Ryan Anderson,PF,29,HOU,66,1725,12.6,0.592,0.706,0.194,6.2,15.4,10.8,5.1,0.7,1,7.5,14.4,3.1,1.7,4.8,1,-0.8,0.2,1,26.1,3.1,7.3,0.431,2,5.1,0.386,1.2,2.1,0.539,0.568,0.774,9.3,0.7,1.2,59,0,0.2,9.1,0.1,0.2,53.8,0.3,0.5,56.7,0.5,1.2,41,1.5,3.8,39.6
12,12,Giannis Antetokounmpo,PF,23,MIL,75,2756,27.3,0.598,0.1,0.457,6.7,25.3,16,23.7,2,3.3,11.7,31.2,8.3,3.6,11.9,3.9,1.9,5.8,5.4,36.7,9.9,18.7,0.529,0.6,1.9,0.307,9.3,16.8,0.554,0.545,0.76,26.9,6.8,9.7,70.2,0.8,2,38.6,0.6,1.8,35.6,0.7,2.2,32.1,0.6,1.5,36.8,0.4,1.5,29.4
13,13,Carmelo Anthony,PF,33,OKC,78,2501,12.7,0.503,0.406,0.165,2.9,17.7,10,6.5,0.9,1.8,7.3,23.2,1.2,2.5,3.7,-1.9,-1.9,-3.8,-1.1,32.1,6.1,15,0.404,2.2,6.1,0.357,3.9,8.9,0.437,0.476,0.767,16.2,1.1,2,54.1,0.2,0.7,33.9,1,2.2,45,1.2,2.8,42,1.3,3.7,35.1,1.3,3.6,35.8
14,14,OG Anunoby,SF,20,TOR,74,1481,10,0.587,0.569,0.179,3.4,10.4,7,5,1.7,0.8,10.8,12.4,1.4,1.6,3,0.2,0.4,0.6,1,20,2.2,4.7,0.471,1,2.7,0.371,1.2,2,0.604,0.577,0.629,5.9,1.2,1.8,65.4,0,0,0,0,0,33.3,0,0.1,0,0.8,1.7,46,0.2,1,21.6
15,15,Trevor Ariza,SF,32,HOU,67,2269,11.8,0.567,0.71,0.137,1.7,12.9,7.3,6.8,2.1,0.5,7,14.4,2.6,2.8,5.3,0.8,0.7,1.5,2,33.9,4,9.7,0.412,2.5,6.9,0.368,1.5,2.8,0.519,0.542,0.854,11.7,1.4,2.4,58.9,0,0.2,7.1,0,0.1,0,0,0.1,20,1.6,4,41.1,0.9,2.9,31.5
16,16,D.J. Augustin,PG,30,ORL,75,1760,15.4,0.615,0.504,0.35,1.9,8.2,5,24.4,1.5,0,16.5,18.6,3.3,0.8,4.1,1.5,-2.5,-0.9,0.5,23.5,3.3,7.2,0.452,1.5,3.6,0.419,1.7,3.6,0.485,0.557,0.868,10.2,1.2,2.3,53.2,0.1,0.5,29.7,0.1,0.3,42.9,0.2,0.3,48,0.5,1.1,43.8,1.1,2.7,42.2
17,17,Dwayne Bacon,SG,22,CHO,53,713,5.8,0.431,0.224,0.13,0.6,18.5,9.4,7.5,1.1,0.2,10.2,13.7,-0.7,0.6,-0.1,-5.4,-0.3,-5.7,-0.7,13.5,1.4,3.6,0.375,0.2,0.8,0.256,1.2,2.8,0.409,0.404,0.8,3.3,0.5,0.8,61.5,0.1,0.3,37.5,0.2,0.6,33.3,0.4,1.1,34,0.3,0.8,31.8,0,0.3,12.5
18,18,Lonzo Ball,PG,20,LAL,52,1780,12.5,0.444,0.523,0.126,4.2,17.3,10.8,29.2,2.4,2,18.6,17.4,-0.5,2.5,2,-0.8,2.5,1.7,1.7,34.2,3.9,10.8,0.36,1.7,5.7,0.305,2.2,5.2,0.42,0.44,0.451,10.2,1.6,3.4,46,0.2,0.6,30,0.2,0.5,40,0.2,0.5,36,0.5,1.5,35.5,1.3,4.3,29.6
19,19,J.J. Barea,PG,33,DAL,69,1603,17.8,0.545,0.454,0.148,1,13.4,7,45.1,1.1,0.2,16.3,24.9,2.3,1,3.3,2.4,-2.3,0.1,0.8,23.2,4.4,10,0.439,1.7,4.5,0.367,2.7,5.5,0.499,0.522,0.784,11.6,1.4,2.3,61.4,0.5,1.2,43.5,0.4,1,43.1,0.3,0.7,38.8,0.6,1.5,39,1.1,3.1,35.8
20,20,Harrison Barnes,PF,25,DAL,77,2634,15.8,0.539,0.276,0.259,3.1,17.1,9.9,9.9,0.9,0.5,8.1,25.2,2,1.9,3.8,-0.7,-1.4,-2.1,-0.1,34.2,7,15.7,0.445,1.5,4.3,0.357,5.4,11.4,0.478,0.494,0.827,18.9,2.5,4.2,58.2,1,2.3,44.9,0.6,1.8,35.8,0.9,2.1,42.4,1.2,2.9,40.3,0.8,2.3,33.9
21,21,Will Barton,SG,27,DEN,81,2683,16.2,0.562,0.411,0.22,3,14.2,8.6,18.5,1.5,1.6,11.7,20.7,4.4,1.8,6.2,1.6,-0.6,0.9,2,33.1,5.7,12.7,0.452,1.9,5.2,0.37,3.8,7.5,0.51,0.528,0.805,15.7,2.9,4.8,61.3,0.4,1.4,29.7,0.3,0.6,44,0.2,0.5,30.2,0.7,2,35.4,1.3,3.3,37.6
22,22,Nicolas Batum,SG,29,CHO,64,1981,14.4,0.523,0.422,0.2,3.1,13.8,8.4,26.2,1.6,1,15.6,18.3,1.7,1.8,3.5,0.9,0.5,1.4,1.7,31,4.2,10.2,0.415,1.4,4.3,0.336,2.8,5.9,0.473,0.486,0.831,11.6,0.8,1.2,67.9,0.2,0.5,44.1,0.8,1.7,46.7,0.8,1.9,40.8,0.6,1.8,31.3,1,3,34.7
23,23,Jerryd Bayless,SG,29,PHI,39,925,7.5,0.546,0.557,0.168,1.8,7.3,4.7,8,1.2,0.5,14.1,15.1,0.2,0.9,1.1,-1.8,-1,-2.7,-0.2,23.7,2.8,6.7,0.416,1.4,3.7,0.37,1.4,3,0.474,0.519,0.795,7.9,1,1.5,65,0.1,0.4,26.7,0.1,0.3,30.8,0.1,0.4,29.4,0.7,1.8,38,0.8,2.2,34.9
24,24,Aron Baynes,C,31,BOS,81,1485,12,0.502,0.047,0.175,9.7,22.1,16,9.6,0.7,2.9,14.3,16.8,0.5,2.5,3,-3.8,2.1,-1.7,0.1,18.3,2.6,5.5,0.471,0,0.3,0.143,2.6,5.2,0.487,0.474,0.756,6,1.3,2.5,52.7,0.3,0.8,41.9,0.4,0.9,43.2,0.5,1,50,0.1,0.3,24,0,0.1,20
25,25,Kent Bazemore,SG,28,ATL,65,1789,14.5,0.547,0.405,0.297,1.6,13.9,7.7,20.1,2.7,2.2,17,22.5,0.2,2,2.2,-0.6,1.1,0.5,1.1,27.5,4.4,10.4,0.42,1.7,4.2,0.394,2.7,6.2,0.438,0.5,0.796,12.9,1.7,3.1,54.7,0.1,0.7,17.4,0.3,0.6,42.5,0.4,1.1,31.1,1.2,2.7,43.4,0.8,2.2,35.7
26,26,Bradley Beal,SG,24,WAS,82,2977,18.4,0.564,0.357,0.249,2.3,11.5,6.9,21,1.6,1.1,11.5,27.6,4.4,2.5,6.9,2.7,-1,1.7,2.7,36.3,8.3,18.1,0.46,2.4,6.5,0.375,5.9,11.6,0.507,0.527,0.791,22.6,2.9,4.5,63.9,0.4,1.1,36,0.9,2,43,1.3,2.9,44,1.2,2.8,41.5,1.7,4.7,37.1
27,27,Michael Beasley,PF,29,NYK,74,1653,17.8,0.556,0.107,0.197,6.5,21.2,13.9,12.5,1.1,2.3,14,26.9,0.9,1.5,2.4,-1,-0.4,-1.5,0.2,22.3,5.5,10.9,0.507,0.5,1.2,0.395,5.1,9.7,0.52,0.528,0.78,13.2,2.9,4.6,63.8,0.9,2.1,44.3,0.7,1.6,45.3,0.4,1.3,30.8,0.4,0.9,42.4,0.3,0.7,44.7
28,28,Jordan Bell,C,23,GSW,57,809,18,0.641,0.022,0.238,8.9,19,14.3,16.9,2.1,5.5,20,13.9,1.6,1.4,2.9,0,3.7,3.7,1.2,14.2,2,3.2,0.627,0,0.1,0,2,3.2,0.641,0.627,0.682,4.6,1.6,2.4,67.6,0.1,0.3,46.7,0.2,0.3,63.2,0,0.1,28.6,0,0,100,0,0.1,0
29,29,Dragan Bender,PF,20,PHO,82,2069,7.1,0.524,0.665,0.105,2,16.8,9.3,8.9,0.5,2.1,18.1,12.7,-0.7,0.8,0.1,-2.7,0,-2.7,-0.4,25.2,2.3,5.9,0.386,1.4,3.9,0.366,0.8,2,0.426,0.508,0.765,6.5,0.7,1.3,54.8,0.1,0.4,25.8,0,0.1,20,0,0.1,11.1,0.7,1.9,35.1,0.8,2.1,37.1
30,30,Davis Bertans,PF,25,SAS,77,1086,14.1,0.588,0.689,0.134,1.8,13.9,7.8,10.3,1.2,2.1,8.5,17.4,1.6,1.4,3.1,1.2,-0.3,1,0.8,14.1,2.1,4.8,0.44,1.2,3.3,0.373,0.9,1.5,0.588,0.568,0.816,5.9,0.6,0.8,77.6,0.1,0.2,35.3,0.1,0.2,60,0,0.2,21.4,0.4,1.1,39.2,0.9,2.6,36.9
31,31,Khem Birch,C,25,ORL,42,578,16.4,0.582,0,0.484,13.2,21.1,17.1,8.5,1.3,2.9,12.1,13.2,1.2,0.6,1.8,-1.1,1.4,0.3,0.3,13.8,1.6,3,0.54,0,0,0,1.6,3,0.54,0.54,0.689,4.2,1.3,1.9,65.8,0.3,0.6,40,0.1,0.5,23.5,0.1,0.1,40,0,0,0,0,0,0
32,32,Bismack Biyombo,C,25,ORL,82,1495,14.1,0.556,0.003,0.446,10.5,24,17.2,6.5,0.7,5.1,16.6,14.9,1.1,1.8,2.9,-3.7,2.1,-1.6,0.2,18.2,2.2,4.3,0.52,0,0,0,2.2,4.3,0.521,0.52,0.65,5.7,1.7,2.8,62.7,0.3,0.8,34.8,0.1,0.5,28.9,0.1,0.2,31.3,0,0,0,0,0,0
33,33,Nemanja Bjelica,PF,29,MIN,67,1371,12.6,0.581,0.493,0.121,4.4,18.8,11.5,8.7,1.8,1,11.7,14.3,1.7,1.1,2.8,0.6,-0.1,0.5,0.9,20.5,2.6,5.5,0.461,1.1,2.7,0.415,1.4,2.8,0.505,0.563,0.8,6.8,1.1,1.8,59.8,0.3,0.7,37.5,0,0.1,37.5,0,0.1,0,0.4,1.1,40.5,0.7,1.6,43.9
34,34,Tarik Black,C,26,HOU,51,536,14.3,0.582,0.087,0.496,13.4,20.9,17.1,3.7,1.9,4.8,18.4,15.6,0.5,1,1.5,-3,2.1,-1,0.1,10.5,1.5,2.5,0.591,0,0.2,0.091,1.5,2.3,0.638,0.594,0.46,3.5,1.4,2.1,67.6,0.1,0.2,37.5,0,0,0,0,0,0,0,0.1,25,0,0.1,0
35,35,Bogdan Bogdanovic,SG,25,SAC,78,2175,13.5,0.556,0.426,0.154,1.6,10.5,5.8,18.3,1.7,0.7,13.2,19.6,1.8,1.1,2.9,0.5,-1.5,-1,0.6,27.9,4.4,9.9,0.446,1.7,4.2,0.392,2.8,5.7,0.485,0.529,0.84,11.8,1.1,1.9,56.6,0.3,0.7,36.2,0.5,1.1,48.2,0.5,1.2,40,1.2,2.3,50.6,0.9,2.5,35.1
36,36,Bojan Bogdanovic,SF,28,IND,80,2464,13.9,0.605,0.453,0.241,1.4,10.9,6.2,7.1,1.1,0.3,10.1,19,3.8,1.6,5.4,1.1,-1.9,-0.7,0.8,30.8,5.1,10.7,0.474,1.9,4.8,0.402,3.1,5.8,0.534,0.565,0.868,14.3,2,3.2,60.5,0.4,0.9,45.7,0.4,0.8,44.8,0.4,0.8,45.3,0.9,2,42.9,1.1,2.9,38.6
37,37,Devin Booker,SG,21,PHO,54,1865,18.1,0.561,0.364,0.312,1.5,12.7,7,24.4,1.2,0.6,13.9,31.7,1.9,0.6,2.4,2.9,-2.4,0.4,1.2,34.5,8.4,19.5,0.432,2.7,7.1,0.383,5.7,12.4,0.46,0.501,0.878,24.9,2.4,4.2,57.7,0.7,2.1,33.3,1.2,2.9,40.8,1,2.2,46.3,1.2,3,40.5,1.9,4.8,38.3
38,38,Malcolm Brogdon,PG,25,MIL,48,1436,14.3,0.578,0.32,0.169,1.9,10.8,6.4,16.3,1.4,0.8,10.9,19.1,2,0.7,2.7,0.6,-1.9,-1.3,0.2,29.9,5.1,10.5,0.485,1.3,3.4,0.385,3.8,7.1,0.532,0.547,0.882,13,2.7,4.5,59.8,0.3,0.8,39.5,0.4,0.9,42.2,0.3,0.8,38.5,0.6,1.3,49.2,0.8,2.2,35.2
39,39,Dillon Brooks,SF,22,MEM,82,2350,9.8,0.531,0.342,0.215,2.4,10.5,6.3,9.3,1.6,0.7,12.8,18.5,0.1,1.1,1.2,-1.8,-1.3,-3.1,-0.7,28.7,4.1,9.4,0.44,1.1,3.2,0.356,3,6.2,0.484,0.501,0.747,11,1.9,3,61.9,0.4,0.9,45.3,0.3,0.9,36,0.2,0.9,20.8,0.6,1.5,38.6,0.7,2,36.4
40,40,Jaylen Brown,SG,21,BOS,70,2152,13.6,0.562,0.381,0.29,3.4,14,8.8,8.5,1.6,1,12,21.4,1.2,3.2,4.5,-0.6,0.4,-0.2,1,30.7,5.3,11.5,0.465,1.7,4.4,0.395,3.6,7.1,0.507,0.54,0.644,14.5,2.7,4.9,56.3,0.3,0.8,38.2,0.2,0.5,37.8,0.3,0.7,45.8,0.9,2.4,38.6,0.8,2.1,39.2
41,41,Sterling Brown,SG,22,MIL,54,776,9.1,0.503,0.444,0.117,4.1,17.5,10.8,4.5,2,1.4,10.4,14,0,0.7,0.7,-3.1,-1,-4,-0.4,14.4,1.5,3.8,0.4,0.6,1.7,0.352,0.9,2.1,0.439,0.478,0.875,4,0.6,1.2,47.8,0.1,0.3,25,0.2,0.3,53.3,0.1,0.3,30.8,0.3,0.9,38.3,0.3,0.9,34.8
42,42,Reggie Bullock,SF,26,DET,62,1732,13.6,0.615,0.515,0.09,1.7,8.3,4.9,8.4,1.4,0.7,7.6,15.7,2.8,1.4,4.2,1.3,-0.7,0.7,1.2,27.9,4.3,8.8,0.489,2,4.5,0.445,2.3,4.3,0.536,0.603,0.796,11.3,1.4,2.2,65.7,0.1,0.5,26.5,0.3,0.7,42.9,0.3,0.7,46.7,0.8,1.9,43.3,1.3,2.7,46.2
43,43,Trey Burke,PG,25,NYK,36,785,21,0.563,0.273,0.148,1.8,8.2,5,36.4,1.5,0.4,9.5,25.1,2,0.3,2.4,4.2,-3.2,1,0.6,21.8,5.4,10.7,0.503,1.1,2.9,0.362,4.3,7.8,0.556,0.552,0.649,12.8,1.3,1.9,68.1,0.4,0.9,43.8,0.7,1.4,49,1.3,2.6,50,1,1.8,56.3,0.7,2.1,35.1
44,44,Alec Burks,SG,26,UTA,64,1059,13.1,0.527,0.343,0.3,2.1,18.4,10.3,10,1.8,0.6,11.4,22.5,0.2,1.6,1.9,-2.5,-0.3,-2.8,-0.2,16.5,2.7,6.5,0.411,0.7,2.2,0.331,1.9,4.3,0.452,0.467,0.863,7.7,1.2,2.1,56.8,0.2,0.8,29.2,0.2,0.7,34.1,0.2,0.6,38.9,0.4,1.2,37.8,0.4,1.2,30.3
45,45,Jimmy Butler,SG,28,MIN,59,2164,23.7,0.59,0.217,0.461,4.2,12.7,8.4,20.6,2.7,1,8.9,24.9,7.1,1.8,8.9,4.9,0.1,5,3.8,36.7,7.4,15.6,0.474,1.2,3.4,0.35,6.2,12.2,0.509,0.512,0.854,22.2,2.9,4.6,61.7,1,1.9,53.1,1.3,2.7,46,0.9,2.3,39.3,0.8,2.3,35.3,0.6,1.6,34
46,46,José Calderón,PG,36,CLE,57,914,11.3,0.643,0.524,0.162,1.7,8.5,5.2,17.4,1.4,0.2,17.1,11.6,1.5,0.3,1.8,0.1,-2,-1.9,0,16,1.6,3.2,0.503,0.8,1.7,0.464,0.8,1.5,0.545,0.624,0.8,4.5,0.5,0.7,67.6,0,0.1,50,0.1,0.2,45.5,0.2,0.5,42.3,0.4,0.8,51.2,0.5,1.1,43.1
47,47,Kentavious Caldwell-Pope,SG,24,LAL,74,2458,13.2,0.561,0.52,0.243,2.6,14.1,8.4,9.4,2.1,0.5,9.9,16.9,2.6,2.7,5.3,0.6,0.4,1,1.9,33.2,4.6,10.8,0.426,2.1,5.6,0.383,2.4,5.2,0.473,0.526,0.789,13.4,1.5,2.4,64,0.1,0.4,23.3,0.2,0.5,34.3,0.5,1.4,37,0.8,2.3,32.9,1.5,3.8,40.5
48,48,Clint Capela,C,23,HOU,74,2034,24.5,0.65,0.001,0.38,13.5,30.8,22.2,5.7,1.4,5.7,11.5,19.4,6.2,4.1,10.2,0.1,2.9,3,2.6,27.5,6,9.1,0.652,0,0,0,6,9.1,0.653,0.652,0.56,13.9,5.6,8.2,68.7,0.3,0.8,33.9,0.1,0.1,55.6,0,0,33.3,0,0,0,0,0,0
49,49,DeMarre Carroll,PF,31,BRK,73,2180,14.3,0.55,0.498,0.313,5.1,18.4,11.7,10.5,1.3,1,10.3,19.8,2.3,1.8,4.1,0.4,-0.3,0.2,1.2,29.9,4.5,10.8,0.414,2,5.4,0.371,2.5,5.4,0.457,0.506,0.764,13.5,1.7,3,55.5,0.4,1.1,34.1,0.2,0.7,36.7,0.1,0.4,26.7,1.2,3,39.3,0.9,2.5,34.1
50,50,Vince Carter,SF,41,SAC,58,1026,10.8,0.523,0.583,0.131,1.9,15.1,8.2,9.7,2.1,2.4,10.7,14.7,0.3,0.9,1.2,-1.5,0.4,-1.1,0.2,17.7,2,4.9,0.403,1,2.8,0.345,1,2,0.483,0.504,0.757,5.4,0.5,0.9,57.4,0.1,0.3,25,0.1,0.1,42.9,0.2,0.4,52,0.4,1.1,32.3,0.7,1.9,37.6
51,51,Michael Carter-Williams,PG,26,CHO,52,835,10.8,0.446,0.258,0.389,4.7,13.3,8.9,19.4,2.6,2.3,16.2,16.6,-0.2,1.1,0.9,-2.6,2,-0.6,0.3,16.1,1.5,4.4,0.332,0.3,1.1,0.237,1.2,3.3,0.365,0.362,0.82,4.6,0.8,1.7,47.2,0.2,0.6,28.1,0.1,0.3,26.7,0.1,0.6,23.3,0.1,0.7,20.6,0.1,0.5,25
52,52,Alex Caruso,PG,23,LAL,37,562,8.7,0.519,0.371,0.259,2.9,9.4,6.2,17.8,2,1.4,24.5,12.9,-0.1,0.6,0.5,-3.4,0.5,-2.9,-0.1,15.2,1.4,3.1,0.431,0.4,1.2,0.302,1,2,0.507,0.487,0.7,3.6,0.8,1.1,70.7,0.1,0.3,30,0.1,0.4,23.1,0.1,0.2,25,0.1,0.4,28.6,0.3,0.8,32.1
53,53,Omri Casspi,SF,29,GSW,53,740,15.5,0.632,0.106,0.333,4.9,24,15.1,9.5,1.2,2,13.5,16.3,1.2,1,2.2,-1.5,0,-1.4,0.1,14,2.3,3.9,0.58,0.2,0.4,0.455,2.1,3.5,0.595,0.604,0.725,5.7,1.6,2.3,68,0.4,0.9,42.2,0.2,0.3,47.1,0,0,0,0.1,0.1,57.1,0.1,0.3,42.9
54,54,Willie Cauley-Stein,C,24,SAC,73,2044,17.6,0.529,0.016,0.32,7,22,14.2,13.7,1.9,3.1,11,21.8,1.7,2.2,3.9,-1.3,1.7,0.4,1.2,28,5.3,10.6,0.502,0,0.2,0.25,5.3,10.4,0.506,0.504,0.619,12.8,3.7,6,61.3,0.7,2.1,33.3,0.2,0.6,30.4,0.6,1.5,38.7,0.1,0.3,52.6,0,0.1,40
55,55,Tyler Cava0ugh,PF,23,ATL,39,518,13,0.567,0.586,0.138,9.7,17.7,13.7,7.8,0.8,0.7,8,14.8,0.9,0.3,1.2,0.5,-1.5,-1,0.1,13.3,1.7,3.9,0.441,0.8,2.3,0.36,0.9,1.6,0.556,0.546,0.81,4.7,0.6,1.2,54.3,0.1,0.2,57.1,0.1,0.1,60,0,0.1,0,0.7,1.6,42.6,0.2,0.8,29
56,56,Mario Chalmers,PG,31,MEM,66,1421,10.4,0.503,0.431,0.312,1,12,6.4,21.5,2.8,0.9,18.8,19.6,-0.6,1.3,0.6,-2.2,-0.5,-2.7,-0.3,21.5,2.5,6.7,0.379,0.8,2.9,0.277,1.7,3.8,0.456,0.439,0.855,7.7,1,2,51.2,0.2,0.6,31.7,0.3,0.7,39.5,0.1,0.3,36.4,0.5,1.2,39,0.5,1.7,27.2
57,57,Tyson Chandler,C,35,PHO,46,1151,14.2,0.658,0,0.497,12.2,26.8,19.4,6.6,0.7,1.9,20.6,10.6,1.9,0.8,2.7,-1.3,1,-0.3,0.5,25,2.6,4.1,0.647,0,0,0,2.6,4.1,0.647,0.647,0.624,6.5,2.6,4,64.8,0,0,50,0,0,100,0,0,50,0,0,0,0,0,0
58,58,Wilson Chandler,SF,30,DEN,74,2346,10.9,0.542,0.39,0.181,4.9,14.1,9.6,9.4,0.9,1.4,11.9,14.3,2.1,1.2,3.3,-0.5,-0.4,-0.9,0.6,31.7,3.8,8.5,0.445,1.2,3.3,0.358,2.6,5.2,0.501,0.515,0.772,10,1.9,3.2,59.7,0.4,1,39.4,0.1,0.5,24.3,0.1,0.4,36.7,0.6,1.8,36.2,0.6,1.7,36
59,59,Marquese Chriss,PF,20,PHO,72,1527,11.1,0.509,0.398,0.331,5.2,22.7,13.8,8.1,1.6,3.7,16.4,18.1,-0.8,1.5,0.7,-3.3,1.3,-2,0,21.2,2.8,6.6,0.423,0.8,2.6,0.295,2,4,0.509,0.482,0.608,7.7,1.6,2.7,60.7,0.1,0.6,22.5,0.1,0.3,41.7,0.1,0.3,38.9,0.4,1.5,27.2,0.4,1.4,32
60,60,Ian Clark,SG,26,NOP,74,1455,9.4,0.529,0.394,0.119,0.8,8.4,4.7,10.4,1.1,0.5,9.9,17.2,0.3,0.8,1.1,-2,-2,-3.9,-0.7,19.7,3,6.7,0.448,0.8,2.6,0.318,2.2,4.1,0.533,0.511,0.763,7.4,0.9,1.4,61,0.5,1.1,46.8,0.3,0.6,54.5,0.3,0.7,47.9,0.6,1.4,39,0.4,1.5,29.2
61,61,John Collins,PF,20,ATL,74,1785,18.3,0.62,0.086,0.341,11,22.8,16.9,8.9,1.3,3.8,14.3,17.9,3.4,2,5.4,-0.2,1.9,1.7,1.7,24.1,4.2,7.4,0.576,0.2,0.6,0.34,4,6.7,0.598,0.591,0.715,10.5,3.4,5.1,67.7,0.2,0.5,33.3,0.3,0.6,41.3,0.2,0.5,33.3,0.2,0.5,35,0,0.1,40
62,62,Zach Collins,C,20,POR,66,1045,7.5,0.475,0.391,0.145,4.7,18.2,11.5,7.1,0.8,2.4,15.9,15.4,-0.7,1.3,0.6,-4.1,0.9,-3.2,-0.3,15.8,1.7,4.4,0.398,0.5,1.7,0.31,1.2,2.7,0.455,0.458,0.643,4.4,0.8,1.4,55.9,0.2,0.4,37,0.2,0.4,40.7,0.1,0.4,20.8,0.4,1.1,39.2,0.1,0.7,18.6
63,63,Kyle Collinsworth,SF,26,DAL,32,480,10,0.433,0.172,0.404,7.2,18,12.4,16.4,1.8,1.7,17.1,13.3,-0.1,0.5,0.5,-4,2.2,-1.8,0,15,1.2,3.1,0.384,0.1,0.5,0.235,1.1,2.6,0.415,0.404,0.525,3.2,0.8,1.7,46.3,0.2,0.6,36.8,0.1,0.3,25,0,0,0,0,0.3,10,0.1,0.3,37.5
64,64,Darren Collison,PG,30,IND,69,2018,18.8,0.61,0.321,0.226,2.1,7.8,5,26.4,2.3,0.7,10.9,17.4,5.8,1.8,7.6,3.1,-1,2.2,2.1,29.2,4.6,9.2,0.495,1.4,3,0.468,3.2,6.3,0.508,0.571,0.882,12.4,1.5,2.5,61.8,0.1,0.3,17.4,0.1,0.3,47.6,1.1,2.4,44.8,1,2,49.3,0.8,1.7,47.5
65,65,Pat Con0ughton,SG,25,POR,82,1488,9.3,0.539,0.538,0.113,2.7,9.1,5.9,8.7,0.8,1.2,9.5,13.4,1.2,1.3,2.5,-0.9,-0.4,-1.3,0.3,18.1,2,4.8,0.423,0.9,2.6,0.352,1.1,2.2,0.506,0.518,0.841,5.4,0.8,1.3,58.3,0.1,0.3,40.7,0.1,0.2,50,0.1,0.3,28,0.4,1.1,34.8,0.6,1.5,37.1
66,66,Quinn Cook,PG,24,GSW,33,740,12.8,0.593,0.413,0.099,1.6,10.2,6.2,16.6,0.8,0.1,10.8,17.5,1.1,0.4,1.6,0.6,-2.8,-2.2,0,22.4,3.7,7.6,0.484,1.4,3.2,0.442,2.3,4.5,0.514,0.575,0.88,9.5,0.8,1.5,52.9,0.3,0.6,50,0.4,0.8,48.1,0.5,1.2,45.9,0.7,1.5,48.9,1,2.3,45.1
67,67,DeMarcus Cousins,C,27,NOP,48,1737,22.6,0.583,0.34,0.456,6.8,30.9,19.2,23,2.2,3.5,18.9,31.9,1.5,3.2,4.7,1.9,3.6,5.5,3.3,36.2,8.5,18,0.47,2.2,6.1,0.354,6.3,11.9,0.53,0.53,0.746,25.2,5,8.3,59.8,0.6,1.6,37.3,0.4,0.7,48.6,0.3,0.6,38.7,0.5,1.5,29.7,1.8,5.1,35.8
68,68,Robert Covington,SF,27,PHI,80,2532,12.9,0.563,0.658,0.163,2.4,15.5,9.2,8.7,2.6,2.4,12.3,17.2,1.6,4.5,6.1,0.4,2.1,2.5,2.9,31.7,4.3,10.5,0.413,2.5,6.9,0.369,1.8,3.6,0.497,0.534,0.853,12.6,1.4,2.2,60.3,0.2,0.4,46.4,0,0.3,9.1,0.2,0.5,43.2,0.6,1.6,34.1,2,5.4,37.3
69,69,Allen Crabbe,SG,25,BRK,75,2197,12.3,0.558,0.643,0.163,1.3,14.4,7.8,8.4,1,1.2,8.1,19,1.8,1.4,3.2,0.4,-1.2,-0.8,0.7,29.3,4.5,11,0.407,2.7,7.1,0.378,1.8,3.9,0.461,0.529,0.852,13.2,0.9,1.2,69.9,0.3,0.7,40,0.2,0.6,33.3,0.3,0.7,42.3,1.1,3.2,35.4,1.7,4.4,38.1
70,70,Torrey Craig,SF,27,DEN,39,629,9.8,0.535,0.423,0.255,7.2,15.5,11.4,5.4,0.9,2,11.6,11.9,0.5,0.4,0.9,-1.7,-0.8,-2.5,-0.1,16.1,1.6,3.5,0.453,0.4,1.5,0.293,1.2,2,0.57,0.515,0.629,4.2,1,1.7,58.8,0,0.1,20,0,0.1,50,0,0.1,50,0.4,0.9,40,0.1,0.6,22.7
71,71,Jamal Crawford,SG,37,MIN,80,1653,13,0.519,0.423,0.152,1.4,5.5,3.5,16.9,1.2,0.5,10.7,23.7,0.9,0.3,1.3,0,-4,-3.9,-0.8,20.7,3.9,9.3,0.415,1.3,3.9,0.331,2.6,5.4,0.477,0.485,0.903,10.3,0.4,0.8,53.2,0.2,0.5,37.8,0.5,0.8,58.5,1,2.3,44.6,1.1,2.5,41.9,0.7,2.1,30.8
72,72,Stephen Curry,PG,29,GSW,51,1631,28.2,0.675,0.58,0.35,2.7,14.4,9,30.3,2.4,0.4,13.3,31,7.2,1.9,9.1,9.9,-1.3,8.6,4.4,32,8.4,16.9,0.495,4.2,9.8,0.423,4.2,7.1,0.595,0.618,0.921,26.4,2.3,3.6,62.7,0.2,0.4,40.9,0.6,1,56.6,0.8,1.3,61.2,1.5,3.3,43.8,3,6.9,43.9
73,73,Troy Daniels,SG,26,PHO,79,1622,9.8,0.583,0.797,0.111,0.8,7.7,4.2,4.5,0.8,0.2,8.5,17.2,1.4,0,1.4,0.7,-3.6,-2.9,-0.4,20.5,2.9,7.3,0.403,2.3,5.8,0.4,0.6,1.5,0.419,0.563,0.875,8.9,0.2,0.4,45.2,0.1,0.2,50,0.2,0.3,50,0.1,0.4,36.7,1.1,2.3,44.9,1.3,3.5,36.6
74,74,Anthony Davis,PF,24,NOP,75,2727,28.9,0.612,0.111,0.409,7.7,24.8,16.5,10.8,2,5.6,8.6,30,8.8,4.9,13.7,2.8,2.3,5.2,4.9,36.4,10.4,19.5,0.534,0.7,2.2,0.34,9.7,17.3,0.558,0.552,0.828,28.1,6.1,8.5,72.6,1.2,2.8,43,1.1,2.5,44.1,1,2.7,35,0.5,1.5,33.3,0.5,1.5,34.5
75,75,Deyonta Davis,C,21,MEM,62,943,16.6,0.621,0,0.215,9,22,15.3,7.1,0.8,3.9,9.9,15.3,1.9,0.8,2.7,-1.3,0.4,-0.9,0.3,15.2,2.6,4.3,0.608,0,0,0,2.6,4.3,0.608,0.608,0.667,5.8,2,2.7,74.1,0.1,0.4,33.3,0.2,0.4,42.3,0.2,0.6,40,0.1,0.2,36.4,0,0,0
76,76,Ed Davis,C,28,POR,78,1471,15.5,0.607,0.003,0.38,13.7,28.8,21.3,3.9,1.1,2.9,16.2,12.1,2.5,2.5,5,-1.8,1.8,0,0.7,18.9,2.2,3.7,0.582,0,0,0,2.2,3.7,0.584,0.582,0.667,5.3,1.9,3.1,62.4,0.2,0.5,38.5,0.1,0.1,44.4,0,0,0,0,0,0,0,0,0
77,77,Dewayne Dedmon,C,28,ATL,62,1542,15.8,0.599,0.296,0.18,7.2,28.1,17.7,9.2,1.3,2.8,14.3,17,1.8,1.9,3.7,-1,1.6,0.5,1,24.9,4,7.7,0.524,0.8,2.3,0.355,3.2,5.4,0.595,0.577,0.779,10,1.9,2.5,74.4,0.3,0.7,45.5,0.4,0.9,43.9,0.5,1,50.8,0.7,1.7,38,0.3,0.8,32.7
78,78,Sam Dekker,PF,23,LAC,73,883,11.5,0.534,0.232,0.216,5.6,16,10.8,6.2,1.3,0.9,10.4,15.5,0.6,0.6,1.2,-2.1,-1,-3.1,-0.2,12.1,1.8,3.5,0.494,0.1,0.8,0.167,1.6,2.7,0.593,0.514,0.661,4.2,1.4,2.2,64.4,0.1,0.3,45,0,0.1,50,0,0.1,22.2,0.1,0.4,21.4,0.1,0.5,14.3
79,79,Malcolm Delaney,PG,28,ATL,54,1014,10.6,0.519,0.435,0.323,1,10,5.5,23.4,1.7,0.5,16.9,16.9,0.4,0.6,1,-2,-1.5,-3.6,-0.4,18.8,2,5.3,0.382,0.9,2.3,0.371,1.2,3,0.391,0.463,0.804,6.3,0.5,1.2,46,0,0.2,0,0.1,0.3,41.2,0.3,0.9,31.9,0.7,1.5,47.5,0.4,1.2,31.7
80,80,Matthew Dellavedova,PG,27,MIL,38,712,8.6,0.5,0.513,0.178,2.3,8.2,5.3,27.4,1,0,23,13.5,0.3,0.2,0.5,-2.3,-3.6,-5.9,-0.7,18.7,1.4,4,0.362,0.8,2.1,0.372,0.7,1.9,0.351,0.457,0.926,4.3,0.2,0.5,42.1,0.2,0.7,26.9,0.2,0.4,43.8,0.1,0.1,50,0.2,0.7,34.6,0.6,1.6,36.7
81,81,DeMar DeRozan,SG,28,TOR,80,2711,21,0.555,0.203,0.396,2.5,10.4,6.5,25,1.5,0.6,9.5,29.6,6.8,2.8,9.6,2.7,-0.9,1.8,2.6,33.9,8.1,17.7,0.456,1.1,3.6,0.31,7,14.1,0.494,0.488,0.825,23,2.7,4.4,62.3,1,2.1,47.6,1.5,3.5,41.5,1.4,3.2,43.7,0.9,2.5,34.3,0.6,1.9,34.5
82,82,Cheick Diallo,PF,21,NOP,52,581,17,0.619,0,0.375,9.1,29.6,19.7,4.7,0.9,2.9,12,17.4,1.1,0.8,1.9,-2.8,-0.3,-3.1,-0.2,11.2,2,3.4,0.58,0,0,0,2,3.4,0.58,0.58,0.758,4.9,1.4,2.1,69.3,0.3,0.5,48,0.3,0.6,48.1,0.1,0.4,33.3,0,0.1,20,0,0,0
83,83,Gorgui Dieng,C,28,MIN,79,1333,14.7,0.543,0.157,0.263,9.1,22.2,15.6,7.5,1.7,2.6,12,16.3,1.6,1.4,2.9,-1,0.6,-0.4,0.5,16.9,2.4,4.9,0.479,0.2,0.8,0.311,2.1,4.1,0.511,0.504,0.775,5.9,0.9,1.5,59.3,0.1,0.4,34.5,0.3,0.6,51.1,0.4,1,40.7,0.6,1.3,44.7,0,0.1,33.3
84,84,Spencer Dinwiddie,PG,24,BRK,80,2306,15.9,0.527,0.517,0.32,1.8,10.2,6,35,1.4,0.7,11.8,20.3,4.3,1.4,5.7,2.1,-1.8,0.2,1.3,28.8,4.1,10.5,0.387,1.8,5.4,0.326,2.3,5.1,0.452,0.471,0.813,12.6,1.6,2.8,56.3,0.2,0.9,26.4,0.3,0.8,35.9,0.1,0.4,32.3,0.6,1.7,33.3,1.1,3.6,31.5
85,85,Tyler Dorsey,SG,21,ATL,56,974,10,0.494,0.521,0.165,1.9,12.9,7.4,12.5,0.9,0.4,8.3,20,0,0.4,0.4,-1.8,-2.4,-4.2,-0.6,17.4,2.6,6.8,0.377,1.3,3.6,0.362,1.3,3.3,0.393,0.471,0.714,7.2,0.7,1.5,49.4,0.1,0.4,21.1,0.1,0.4,20,0.3,0.6,45.7,0.7,2,32.7,0.8,1.9,39.6
86,86,Damyean Dotson,SG,23,NYK,44,474,11.6,0.532,0.422,0.143,2.1,17.5,9.8,9.5,1.3,0.4,9,17.3,0.3,0.3,0.6,-1.4,-1.7,-3.1,-0.1,10.8,1.6,3.7,0.447,0.5,1.5,0.324,1.1,2.1,0.538,0.516,0.696,4.1,0.5,0.9,58.3,0.1,0.2,37.5,0.3,0.4,64.7,0.2,0.5,50,0.4,1,40,0.3,0.9,29.3
87,87,Goran Dragic,PG,31,MIA,75,2378,16.6,0.543,0.279,0.252,2.5,12,7.2,25.4,1.3,0.4,12.2,25.7,2.9,2.3,5.3,1,-1.1,-0.1,1.2,31.7,6.5,14.3,0.45,1.5,4,0.37,5,10.3,0.481,0.502,0.801,17.3,2.8,4.9,57.2,0.6,1.4,39.6,0.9,2.1,43.4,0.6,1.7,36.2,0.6,1.5,41.3,0.9,2.7,35.5
88,88,Andre Drummond,C,24,DET,78,2625,22.9,0.555,0.012,0.448,16.4,36.4,26.2,14.3,2.2,4.3,15.9,21.2,4.6,5.7,10.3,0.2,5.3,5.5,5,33.7,6,11.3,0.529,0,0.1,0,6,11.2,0.536,0.529,0.605,15,5.3,8.6,60.9,0.5,1.9,28.8,0.2,0.6,29.8,0,0,0,0,0,0,0,0,0
89,89,Jared Dudley,PF,32,PHO,48,686,8.8,0.553,0.656,0.287,1.2,13.6,7.3,15.6,1.7,1.3,16.9,10.2,0.5,0.4,0.8,-1.9,0,-1.9,0,14.3,1,2.5,0.393,0.6,1.7,0.363,0.4,0.9,0.452,0.512,0.771,3.2,0.3,0.5,58.3,0,0.1,33.3,0,0.1,0,0,0.1,25,0.3,0.7,46.9,0.4,1.2,30.4
90,90,Kris Dunn,PG,23,CHI,52,1525,14.5,0.488,0.201,0.171,1.6,14.4,7.8,33.3,3.3,1.6,17.3,24.7,-1,1.9,0.9,-1.4,1.4,-0.1,0.7,29.3,5.5,12.8,0.429,0.8,2.6,0.321,4.7,10.2,0.457,0.462,0.737,13.4,2,3.9,51.7,0.7,1.6,40,0.8,1.9,40,0.9,2.1,41.7,0.6,1.4,41.9,0.6,1.8,32.6
91,91,Kevin Durant,SF,29,GSW,68,2325,26,0.64,0.338,0.331,1.6,19.5,11.2,25.5,1,4,12.9,30.4,7.5,2.9,10.4,5,0.7,5.6,4.5,34.2,9.3,18,0.516,2.5,6.1,0.419,6.7,11.9,0.565,0.586,0.889,26.4,2.7,3.8,71,0.7,1.2,54.9,1.4,2.8,50.5,1.8,3.5,50,0.8,1.9,41.7,1.9,4.6,42.1
92,92,Wayne Ellington,SG,30,MIA,77,2041,12.5,0.588,0.827,0.111,1.3,10.7,6,5.9,1.3,0.3,6.6,17.3,2.6,1.9,4.5,1.8,-1.8,0,1,26.5,3.7,9.1,0.407,2.9,7.5,0.392,0.8,1.6,0.479,0.569,0.859,11.2,0.5,0.8,60.9,0,0.1,12.5,0,0.1,22.2,0.1,0.3,45.5,1.3,3.1,41.9,1.7,4.6,37.5
93,93,Joel Embiid,C,23,PHI,63,1912,22.9,0.573,0.203,0.442,8.4,29.7,19.4,18,1,4.8,15.6,33.4,2.3,3.8,6.2,0.1,2.5,2.6,2.2,30.3,8.1,16.8,0.483,1,3.4,0.308,7,13.4,0.527,0.514,0.769,22.9,3.9,6,65.2,0.8,1.9,42.6,1.3,3.1,43.4,0.8,2,40.8,0.5,1,43.9,0.7,2.7,27.6
94,94,Tyler Ennis,PG,23,LAL,54,683,11.1,0.473,0.25,0.129,3,11.8,7.4,21.9,2.1,1.2,13.8,17.1,0.1,0.7,0.8,-2.8,-0.1,-2.9,-0.1,12.6,1.7,4.1,0.42,0.3,1,0.25,1.5,3.1,0.476,0.451,0.759,4.1,1.1,2,54.6,0.1,0.4,33.3,0,0.3,16.7,0.2,0.5,48,0.2,0.4,45,0.1,0.7,14.3
95,95,Jawun Evans,PG,21,LAC,48,778,7.2,0.421,0.213,0.194,1.3,10.4,5.9,17.8,2.3,0.6,13.8,17.7,-0.8,0.6,-0.2,-4.2,-0.5,-4.7,-0.5,16.2,1.9,5.3,0.352,0.3,1.1,0.278,1.5,4.1,0.372,0.381,0.776,4.8,0.8,1.8,42,0.2,0.7,25,0.3,0.4,61.9,0.2,0.8,27.8,0.2,0.9,25.6,0.2,0.6,33.3
96,96,Tyreke Evans,PG,28,MEM,52,1607,21.1,0.561,0.354,0.258,3.1,16.3,9.5,31.2,1.8,1,11.5,28.4,3.1,1.2,4.2,4.4,-0.8,3.6,2.3,30.9,7,15.6,0.452,2.2,5.5,0.399,4.8,10.1,0.482,0.523,0.785,19.4,3.9,7.6,51.9,0.2,0.7,30.6,0,0.1,40,0.3,0.6,39.4,0.8,2.1,40.2,1.8,4.4,39.6
97,97,Kenneth Faried,PF,28,DEN,32,461,17.4,0.552,0.007,0.345,16.7,20.7,18.7,5.8,1.3,2.4,11.9,18.3,0.9,0.4,1.3,-1.1,-1.1,-2.3,0,14.4,2.4,4.6,0.514,0,0,0,2.4,4.6,0.517,0.514,0.706,5.9,1.9,3.3,57.5,0.2,0.8,25,0.2,0.3,45.5,0.1,0.2,60,0,0,100,0,0,0
98,98,Derrick Favors,C,26,UTA,77,2153,18.8,0.593,0.09,0.306,10.6,18.5,14.6,7.8,1.3,3.2,9.9,18.5,4.5,3.5,8,0.5,2.2,2.7,2.5,28,5.1,9.1,0.563,0.2,0.8,0.222,4.9,8.3,0.596,0.573,0.651,12.3,3.7,5.1,72.1,0.4,0.9,40.3,0.3,0.8,40,0.5,1.2,39.1,0.3,1,27.6,0,0.1,25
99,99,Cristiano Felício,C,25,CHI,55,977,12.5,0.614,0.009,0.377,8.8,17.1,12.8,8.4,0.8,1,17.7,13.6,1.2,0.5,1.7,-2.3,-0.1,-2.4,-0.1,17.8,2.3,3.9,0.591,0,0,0,2.3,3.9,0.596,0.591,0.667,5.6,1.9,2.9,67.5,0.2,0.4,47.8,0,0.2,16.7,0.1,0.3,38.9,0,0.1,25,0,0,0
100,100,Raymond Felton,PG,33,OKC,82,1365,13,0.494,0.417,0.08,2,11,6.3,22.5,1.8,1.1,11.7,20.4,0.9,1.3,2.2,-1.1,-1.7,-2.8,-0.3,16.6,2.7,6.7,0.406,1,2.8,0.352,1.7,3.9,0.444,0.479,0.818,6.9,0.7,1.3,53.3,0.3,0.6,42.9,0.2,0.5,42.1,0.4,1.1,37.5,0.6,1.4,43.2,0.6,1.7,33.8
101,101,Terrance Ferguson,SG,19,OKC,61,763,7.4,0.545,0.71,0.059,2.7,4.2,3.4,3.4,1.6,1.2,6,10.4,0.7,0.5,1.2,-1.2,-1.3,-2.5,-0.1,12.5,1.1,2.8,0.414,0.7,2,0.333,0.5,0.8,0.612,0.533,0.9,3.1,0.4,0.5,67.7,0,0,0,0,0,0,0.1,0.1,50,0.6,1.3,42.1,0.2,0.9,26.5
102,102,Yogi Ferrell,SG,24,DAL,82,2282,11.4,0.54,0.492,0.141,1.2,11.2,6.1,13.5,1.4,0.4,9.1,17,1.5,1.5,3,-0.4,-0.6,-1,0.6,27.8,3.8,8.9,0.426,1.6,4.4,0.373,2.2,4.5,0.477,0.518,0.796,10.2,0.9,1.7,51.8,0.1,0.4,32.3,0.3,0.7,45.6,0.6,1.3,50,0.9,2.2,43.5,0.9,2.6,33.6
103,103,Bryn Forbes,SG,24,SAS,80,1517,9.1,0.525,0.459,0.145,0.9,7.2,4,7.8,0.9,0.1,6.5,16.7,0.8,1.3,2.1,-1.2,-1.9,-3.1,-0.4,19,2.6,6.2,0.421,1.1,2.9,0.39,1.5,3.4,0.446,0.51,0.667,6.9,0.3,0.6,53.1,0.4,0.8,48.5,0.2,0.6,37.8,0.5,1.1,43.9,0.7,1.6,41.5,0.6,1.7,35.9
104,104,Evan Fournier,SF,25,ORL,57,1837,15.5,0.577,0.418,0.216,1.4,9.5,5.4,14.8,1.3,0.7,9.8,23.3,2.4,0.9,3.3,1.6,-2.1,-0.4,0.7,32.2,6.5,14.1,0.459,2.2,5.9,0.379,4.2,8.2,0.516,0.538,0.867,17.8,2.4,4,60.5,0.6,1.2,45.1,0.4,1.1,33.9,0.6,1.1,51.6,1.1,2.6,42.4,1.4,4,35.8
105,105,De'Aaron Fox,PG,20,SAC,73,2026,11.2,0.478,0.192,0.245,1.8,10,5.7,24.6,1.7,0.9,16.4,23.4,-1.7,1.1,-0.6,-2.8,-1.5,-4.4,-1.2,27.8,4.5,10.9,0.412,0.6,2.1,0.307,3.8,8.8,0.436,0.441,0.723,11.6,1.9,3.4,56.2,0.6,1.6,38.8,0.4,1.2,30,0.7,1.8,40.6,0.5,1.8,29.5,0.3,1,30.1
106,106,Tim Frazier,PG,27,WAS,59,838,11.3,0.475,0.326,0.174,2.4,13.1,7.8,31.1,2.8,0.7,23.5,12.8,0.4,1,1.4,-2.4,0.3,-2.1,0,14.2,1.2,2.9,0.395,0.3,0.9,0.304,0.9,2,0.44,0.445,0.767,3,0.4,0.6,57.9,0.1,0.2,27.3,0.1,0.3,44.4,0.2,0.5,36.7,0.2,0.6,40,0.2,0.6,24.3
107,107,Langston Galloway,SG,26,DET,58,863,12.2,0.503,0.641,0.121,1.6,10.3,5.9,10.1,2,0.5,4.8,19.3,0.5,0.9,1.4,-0.2,-1.6,-1.7,0.1,14.9,2.2,5.9,0.371,1.3,3.8,0.344,0.9,2.1,0.418,0.481,0.805,6.2,0.2,0.3,50,0.2,0.4,42.9,0.2,0.4,47.8,0.3,0.8,37.5,0.5,1.4,35.8,0.9,2.6,34
108,108,Marc Gasol,C,33,MEM,73,2408,17.4,0.532,0.31,0.326,3.7,25.3,14.2,21.7,1.1,3.9,14.1,25.6,1.5,2.6,4,-0.1,1.6,1.5,2.1,33,5.9,14.2,0.42,1.5,4.4,0.341,4.5,9.8,0.456,0.473,0.834,17.2,1.6,2.8,57.5,0.9,2.3,37.1,0.8,2.4,36,0.7,1.4,51.9,0.6,1.5,38.4,1.3,3.6,35.1
109,109,Pau Gasol,C,37,SAS,77,1812,18.9,0.539,0.191,0.333,7.8,30.2,19,20.1,0.7,3.6,13.1,20.4,2.7,3.3,6,-0.1,3.3,3.2,2.4,23.5,3.7,8.1,0.458,0.6,1.6,0.358,3.2,6.6,0.481,0.492,0.756,10.1,1.9,3,63.2,0.4,1.2,31.9,0.3,0.8,33.8,0.5,1.1,43.4,0.4,1.2,33.3,0.3,0.8,35.9
110,110,Rudy Gay,PF,31,SAS,57,1231,18,0.545,0.22,0.27,6.8,19.5,13.1,9.8,1.9,2.6,11.5,24.6,1,2.1,3.1,-0.7,1,0.3,0.7,21.6,4.4,9.4,0.471,0.6,2.1,0.314,3.8,7.4,0.516,0.506,0.772,11.5,1.8,2.8,64.6,0.6,1.6,38.9,0.9,1.8,50,0.4,0.9,44.4,0.3,1.1,26.6,0.4,1.1,37.1
111,111,Paul George,SF,27,OKC,79,2891,18.7,0.57,0.454,0.307,2.7,14.9,8.6,14.5,2.8,1.2,12.2,25.7,5,3.9,8.9,2.5,0,2.5,3.3,36.6,7.3,17,0.43,3.1,7.7,0.401,4.2,9.3,0.454,0.521,0.822,21.9,2.4,3.9,60.8,0.4,1,36.7,0.5,1.5,35.3,0.8,2.3,34.3,1.5,3.9,39.2,1.7,4.3,40.2
112,112,Taj Gibson,PF,32,MIN,82,2726,15.4,0.61,0.047,0.251,8.1,16.7,12.4,5.2,1.1,1.9,9.8,14.7,5.4,1.7,7.2,0.9,0.2,1.1,2.1,33.2,5.2,9,0.577,0.1,0.4,0.2,5.1,8.6,0.595,0.581,0.768,12.2,3.6,5.2,70.1,0.6,1.3,48.1,0.4,0.8,47,0.4,1.1,34.5,0.2,0.6,31.3,0,0,25
113,113,Manu Ginóbili,SG,40,SAS,65,1299,12.9,0.553,0.415,0.283,1.6,10.6,6.1,19.1,1.7,1,16.8,21.5,0.6,1.6,2.2,-0.5,-0.5,-1,0.3,20,3.1,7.1,0.434,1,3,0.333,2.1,4.2,0.506,0.503,0.84,8.9,1.4,2.4,60.6,0.3,0.7,39.6,0.2,0.6,35.7,0.1,0.3,31.6,0.5,1.3,39.3,0.5,1.7,31.2
114,114,Rudy Gobert,C,25,UTA,56,1816,20.7,0.657,0,0.673,10.4,27,18.8,6.9,1.2,6,15.7,16.9,4.2,3.9,8.1,-0.3,4.6,4.3,2.9,32.4,4.9,7.9,0.622,0,0,0,4.9,7.9,0.622,0.622,0.682,13.5,4.7,6.9,68.3,0.1,0.6,17.1,0,0.2,10,0.1,0.2,33.3,0,0,50,0,0,0
115,115,Aaron Gordon,PF,22,ORL,58,1909,16.5,0.53,0.395,0.26,5,21.5,13.2,11.7,1.5,1.9,10,24.7,0.9,2,2.9,0,0,0,1,32.9,6.5,14.9,0.434,2,5.9,0.336,4.5,9,0.497,0.5,0.698,17.6,3.2,4.9,66.7,0.2,0.9,20,0.4,1.2,35.7,0.5,1.8,29.8,0.7,2.1,35.3,1.4,4.1,33.5
116,116,Eric Gordon,SG,29,HOU,69,2154,15.2,0.578,0.627,0.248,1.3,7.5,4.4,11.7,1,1.1,10.8,24.7,2.9,1.8,4.7,1.4,-2.4,-1,0.5,31.2,6,14.1,0.428,3.2,8.8,0.359,2.9,5.2,0.544,0.54,0.809,18,2.4,3.9,62.8,0.2,0.7,32.7,0.1,0.3,29.2,0,0.2,27.3,0.8,2.1,39.4,2.3,6.5,35
117,117,Marcin Gortat,C,33,WAS,82,2075,14.7,0.546,0,0.291,9.9,24,17,10.6,1,2.6,13.5,15.5,2.4,2.4,4.9,-1.6,1.9,0.3,1.2,25.3,3.5,6.8,0.518,0,0,0,3.5,6.8,0.518,0.518,0.675,8.4,2.1,3.5,61.2,0.7,1.7,43.3,0.6,1.4,41.1,0.1,0.2,42.1,0,0,0,0,0,0
118,118,Treveon Graham,SG,24,CHO,63,1050,9,0.553,0.439,0.267,4.3,8.3,6.2,7.8,1.5,0.2,9.9,11.3,1.1,0.7,1.8,-0.6,-0.3,-0.9,0.3,16.7,1.5,3.5,0.434,0.6,1.5,0.412,0.9,2,0.452,0.525,0.695,4.3,0.5,1,50.8,0.1,0.4,37.5,0.1,0.3,31.6,0.1,0.2,53.8,0.4,0.9,43.6,0.3,0.7,40.9
119,119,Jerami Grant,PF,23,OKC,81,1647,16.2,0.607,0.241,0.526,5.6,16.3,10.7,5.1,0.9,4.2,8.8,16,3.5,1.9,5.4,-0.8,0.2,-0.6,0.6,20.3,3,5.6,0.535,0.4,1.4,0.291,2.6,4.3,0.613,0.57,0.675,8.4,2.4,3.6,65.3,0.1,0.3,32.1,0,0.1,50,0.1,0.2,35.7,0.3,0.9,30.7,0.1,0.4,32.4
120,120,Jerian Grant,PG,25,CHI,74,1686,14.3,0.528,0.372,0.374,1.9,9.3,5.5,30.1,1.8,0.4,13.2,17.4,2.3,1,3.3,-0.1,-1.8,-2,0,22.8,2.8,6.8,0.416,0.8,2.5,0.326,2,4.3,0.468,0.476,0.745,8.4,0.9,1.6,59.8,0.1,0.5,23.1,0.3,0.7,41.2,0.4,1,38.4,0.5,1.1,41.2,0.6,1.8,35.1
121,121,Danny Green,SG,30,SAS,70,1791,11.4,0.509,0.57,0.116,2.5,13,7.7,8.9,1.8,3.7,11.2,16.6,0.1,2.9,2.9,-1.1,2.2,1.2,1.4,25.6,3.1,8,0.387,1.7,4.6,0.363,1.4,3.4,0.419,0.49,0.769,8.6,0.9,1.8,50.4,0.1,0.4,32.3,0.1,0.4,23.1,0.3,0.6,43.2,1,2.4,40.4,0.7,2.3,31.7
122,122,Draymond Green,PF,27,GSW,70,2287,16.1,0.556,0.414,0.279,3.9,21.1,13.1,29,2,3.1,22.5,17.2,2.6,3.4,6.1,0.4,2.7,3.2,3,32.7,4,8.8,0.454,1.1,3.7,0.301,2.9,5.2,0.562,0.516,0.775,11,2.3,3.5,66,0.2,0.6,40.5,0.2,0.6,38.6,0.1,0.3,20.8,0.2,0.8,27.3,0.9,2.8,32
123,123,Gerald Green,SG,32,HOU,41,929,14.1,0.566,0.722,0.145,1.8,14.2,8.1,4.3,1.3,1.4,6.6,22.4,1,1,2.1,0.5,-2.4,-1.9,0,22.7,4.1,10.1,0.407,2.7,7.3,0.369,1.4,2.8,0.504,0.54,0.85,12.1,0.7,1.3,53.7,0.1,0.3,45.5,0.3,0.6,50,0.3,0.5,50,1,3,34.1,1.7,4.4,39.2
124,124,JaMychal Green,PF,27,MEM,55,1542,14,0.53,0.26,0.227,10.8,24.4,17.4,8.3,1,1.5,12.4,17.8,1.3,1.3,2.6,-1.2,-0.4,-1.5,0.2,28,4.1,8.9,0.457,0.8,2.3,0.339,3.3,6.6,0.499,0.501,0.721,10.3,2.5,4.3,58.3,0.1,0.5,32,0.1,0.4,29.2,0.4,1,41.8,0.5,1.7,31.5,0.3,1,33.3
125,125,Jeff Green,PF,31,CLE,78,1828,14.8,0.587,0.275,0.379,3.7,11.2,7.6,8,1.1,1.6,9.4,19.3,3.1,0.8,3.9,-0.2,-1.7,-1.9,0.1,23.4,3.8,7.9,0.477,0.7,2.2,0.312,3.1,5.7,0.54,0.52,0.868,10.8,2.4,3.6,66,0.2,0.7,35.8,0.2,0.7,27.5,0.2,0.5,38.5,0.5,1.5,32.5,0.3,0.9,34.8
126,126,Tim Hardaway,SG,25,NYK,57,1885,14.4,0.533,0.479,0.209,1.9,11.3,6.6,12.7,1.6,0.5,9,23.8,1.6,1.1,2.6,1.7,-1.8,-0.1,0.9,33.1,6.3,15,0.421,2.3,7.2,0.317,4,7.8,0.516,0.496,0.816,17.5,2.4,3.9,60.5,0.1,0.8,18.6,0.6,1.1,52.4,0.5,1.3,42.5,1.1,2.5,42,1.6,5.2,31.1
127,127,James Harden,SG,28,HOU,72,2551,29.8,0.619,0.498,0.502,1.8,15.2,8.6,45.1,2.4,1.7,15.1,36.1,11.6,3.8,15.4,9.6,1.3,10.9,8.3,35.4,9,20.1,0.449,3.7,10,0.367,5.4,10.1,0.531,0.541,0.858,30.4,4,6.6,60.8,0.4,1.3,34.4,0.5,1.1,40.7,0.4,0.9,43.3,0.9,2.1,42.2,2.8,7.8,36.2
128,128,Maurice Harkless,SF,24,POR,59,1264,12.6,0.596,0.397,0.199,4,9.9,7,6,1.9,2.8,11,12.6,1.6,1.7,3.2,-0.2,2,1.8,1.2,21.4,2.5,5,0.495,0.8,2,0.415,1.7,3,0.547,0.577,0.712,6.5,1.5,2.5,58,0.1,0.3,40,0,0,50,0,0.1,25,0.5,1.4,37.6,0.3,0.6,51.4
129,129,Montrezl Harrell,C,24,LAC,76,1293,24.7,0.647,0.013,0.405,8.9,17,13,10.1,1.4,3.4,9.5,23.8,4.3,1.3,5.5,2.4,0,2.4,1.5,17,4.6,7.2,0.635,0,0.1,0.143,4.6,7.1,0.641,0.636,0.626,11,3.8,5.3,71.4,0.6,1.3,45,0.2,0.3,46.2,0,0.2,25,0,0,0,0,0.1,25
130,130,Gary Harris,SG,23,DEN,67,2304,16.5,0.597,0.434,0.178,1.8,6.8,4.3,13,2.6,0.5,10.8,20.7,3.9,1.5,5.5,2.4,-1.5,0.9,1.7,34.4,6.6,13.6,0.485,2.3,5.9,0.396,4.2,7.7,0.553,0.57,0.827,17.5,2.7,4.1,66.8,0.4,0.9,41,0.5,1,48.5,0.4,1.1,38.2,1.3,3.3,39.6,1.2,3,39.6
131,131,Joe Harris,SG,26,BRK,78,1975,13.3,0.634,0.576,0.167,2.7,11.3,7,10.2,0.9,0.8,12,16.6,3,0.9,4,1.3,-1.2,0.1,1.1,25.3,3.9,8,0.491,1.9,4.6,0.419,2,3.4,0.589,0.612,0.827,10.8,1.6,2.5,63.1,0.2,0.4,56.3,0.1,0.2,42.9,0.1,0.2,28.6,0.7,2,37.7,1.2,2.6,45.6
132,132,Andrew Harrison,PG,23,MEM,56,1326,12.7,0.534,0.331,0.371,2,9.7,5.7,21.3,1.4,1.8,14,19.6,1,0.7,1.7,-0.9,-1.5,-2.5,-0.2,23.7,3.2,7.7,0.422,0.8,2.5,0.331,2.4,5.1,0.467,0.477,0.78,9.5,1.5,2.6,55.8,0.2,0.6,37.1,0.2,0.4,37.5,0.4,1,37.9,0.4,1.4,30.9,0.5,1.4,37
133,133,Josh Hart,SG,22,LAL,63,1461,12.2,0.596,0.525,0.251,3.1,16,9.6,7.6,1.5,0.9,10.1,13.5,1.9,1.5,3.4,-0.3,0.2,-0.1,0.7,23.2,2.8,6,0.469,1.2,3.1,0.396,1.6,2.8,0.551,0.573,0.702,7.9,1.3,2.1,63,0,0.1,28.6,0.1,0.2,30.8,0.1,0.3,31.6,0.6,1.3,46.3,0.7,1.9,35.3
134,134,John Henson,C,27,MIL,76,1970,15.7,0.582,0.014,0.315,9,21.5,15.3,8.6,1.1,4.7,12.8,15,2.8,2.2,4.9,-1.4,1.8,0.4,1.2,25.9,3.8,6.6,0.572,0,0.1,0.143,3.8,6.5,0.578,0.573,0.57,8.8,3,4.6,64.8,0.5,1.2,44.1,0.1,0.1,44.4,0.2,0.5,34.3,0.1,0.2,33.3,0,0,33.3
135,135,Mario Hezonja,SF,22,ORL,75,1657,13.7,0.544,0.433,0.17,2.7,16.1,9.3,10,2.4,1.5,11.5,19.9,0.5,1.8,2.3,-1,0.2,-0.8,0.5,22.1,3.6,8.2,0.442,1.2,3.6,0.337,2.4,4.7,0.523,0.515,0.819,9.6,1.6,2.6,61.7,0.3,0.6,39.6,0.2,0.4,41.9,0.2,0.6,34.1,0.5,1.5,31.8,1,2.5,38.8
136,136,Buddy Hield,SG,25,SAC,80,2024,16.1,0.557,0.437,0.087,3,14.8,8.6,12.8,2.1,1,11.3,24.3,1.3,1.5,2.8,1.2,-1.4,-0.2,0.9,25.3,5.2,11.7,0.446,2.2,5.1,0.431,3,6.6,0.457,0.54,0.877,13.5,1.4,2.4,56.7,0.3,0.7,37,0.3,0.9,32.4,0.9,1.9,44.7,1.3,2.9,42.9,1.2,2.8,42.3
137,137,Nenê Hilário,C,35,HOU,52,758,16.4,0.594,0.008,0.448,8.1,18,13.1,9.5,1.8,1.6,11.7,18.9,1.5,1.1,2.6,-1.5,0.7,-0.8,0.2,14.6,2.6,4.6,0.569,0,0,0,2.6,4.6,0.574,0.569,0.636,6.5,2.1,3.4,61.7,0.2,0.4,52.2,0.1,0.3,37.5,0.2,0.4,47.6,0,0.1,0,0,0,0
138,138,Jrue Holiday,SG,27,NOP,81,2927,17.8,0.57,0.286,0.191,2.4,10.8,6.8,24.9,2,1.7,13.6,23.1,4.2,2.9,7.1,1.8,0.3,2.1,3,36.1,7.6,15.4,0.494,1.5,4.4,0.337,6.1,11,0.557,0.543,0.786,19,3.7,5.8,63.4,1,2.2,48,0.6,1.4,42.5,0.7,1.3,54.4,0.7,2.1,34.7,0.9,2.6,33.6
139,139,Justin Holiday,SG,28,CHI,72,2265,10.8,0.513,0.574,0.21,1.4,12.8,6.9,10.1,1.7,1.2,9.8,18.2,0.1,1.6,1.7,-1,-0.3,-1.3,0.4,31.5,4,10.9,0.371,2.2,6.2,0.359,1.8,4.6,0.387,0.474,0.823,12.2,0.8,1.7,48.8,0.1,0.4,31.3,0.2,0.7,30.2,0.4,1.1,36.3,1.5,3.8,39.8,0.9,3,30.5
140,140,Rondae Hollis-Jefferson,SF,23,BRK,68,1920,16.9,0.548,0.075,0.436,5.5,20,12.7,14.2,1.6,1.9,12.3,22.2,2.1,2,4.1,-1.5,1.1,-0.4,0.8,28.2,5,10.6,0.472,0.2,0.8,0.241,4.8,9.9,0.491,0.481,0.788,13.9,2.8,5,56.4,0.7,2,34.3,0.9,1.8,47.5,0.5,1.1,45.9,0.2,0.6,26.8,0,0.2,21.4
141,141,Richaun Holmes,C,24,PHI,48,746,17.4,0.585,0.129,0.232,8.6,21.4,15.2,12.3,1.3,3.2,8.6,16.6,1.6,1.3,2.8,-0.2,1.9,1.7,0.7,15.5,2.8,5,0.56,0.1,0.6,0.129,2.7,4.4,0.624,0.568,0.661,6.5,2.2,3,74.3,0.3,0.6,41.9,0.2,0.4,36.8,0,0.2,18.2,0.1,0.3,20,0.1,0.4,15
142,142,Al Horford,C,31,BOS,72,2277,17.6,0.575,0.3,0.159,5,20.2,12.7,23.6,0.9,2.9,14.1,18.4,4,3.8,7.8,1.1,2.9,4,3.5,31.6,5.1,10.5,0.489,1.3,3.1,0.429,3.8,7.3,0.514,0.553,0.783,12.9,1.9,2.9,67.5,0.8,1.9,40.7,0.5,1.4,37.3,0.4,0.9,49.2,0.5,1.2,39.5,1,2.2,44.1
143,143,Dwight Howard,C,32,CHO,81,2463,20.5,0.577,0.008,0.639,11,33.8,22.2,7.1,1,4.4,15.1,24.2,2.9,3.9,6.8,-2,1.7,-0.3,1.1,30.4,6.2,11.2,0.555,0,0.1,0.143,6.2,11.2,0.559,0.556,0.574,16.6,5,7.6,66,0.7,1.9,35.7,0.2,0.5,35.9,0.3,0.8,34.4,0.1,0.4,26.5,0,0,33.3
144,144,Josh Huestis,PF,26,OKC,69,982,5.4,0.417,0.632,0.11,4.6,13.9,9.1,2.7,0.8,4,12,9.5,-0.5,1,0.5,-4.6,0.7,-3.9,-0.5,14.2,0.9,2.6,0.33,0.5,1.7,0.287,0.4,1,0.403,0.42,0.3,2.3,0.3,0.8,42.9,0,0,100,0,0,0,0,0,0,0.3,1,30.9,0.2,0.8,26.9
145,145,Serge Ibaka,PF,28,TOR,76,2093,14.7,0.574,0.379,0.151,4.3,21,12.8,4.4,0.7,3.8,9.7,19.4,2.1,3,5.1,-0.8,0.6,-0.2,0.9,27.5,5,10.3,0.483,1.4,3.9,0.36,3.6,6.4,0.559,0.552,0.797,12.6,1.5,2.2,66.9,0.5,1.1,47.6,0.7,1.3,53.6,0.8,1.7,48.4,0.7,1.6,44.2,0.8,2.5,32.6
146,146,Andre Iguodala,SF,34,GSW,64,1622,11.2,0.536,0.366,0.272,3.7,12.6,8.5,16.2,1.6,1.9,15.8,11.5,1.6,1.6,3.2,-0.7,0.9,0.2,0.9,25.3,2.3,5,0.463,0.5,1.8,0.282,1.8,3.2,0.567,0.514,0.632,6,1.3,1.8,74.6,0.1,0.3,22.7,0.1,0.3,40,0.2,0.6,35,0.2,0.7,27.9,0.4,1.2,31.6
147,147,Joe Ingles,SF,30,UTA,82,2578,14.4,0.623,0.646,0.116,1.1,13.9,7.6,22.9,1.8,0.7,17.4,15.9,4,3.6,7.6,2.1,1,3.1,3.3,31.4,4.1,8.8,0.467,2.5,5.7,0.44,1.6,3.1,0.516,0.609,0.795,11.5,1.2,1.9,61.7,0.2,0.5,36.8,0.1,0.3,36,0.1,0.2,30,1.3,3,44,1.3,2.8,44.8
148,148,Brandon Ingram,SF,20,LAL,59,1975,13.8,0.536,0.138,0.371,3.1,13.8,8.5,17.7,1.1,1.8,14.4,22.2,1,1.8,2.8,-1.6,0.3,-1.3,0.4,33.5,6.1,12.9,0.47,0.7,1.8,0.39,5.4,11.1,0.483,0.497,0.681,16.1,3.5,5.8,59.8,0.2,1,18.3,0.4,1.3,31.6,1,2.3,42.2,0.7,1.6,45.3,0.3,0.9,35.8
149,149,Kyrie Irving,PG,25,BOS,60,1931,25,0.61,0.374,0.24,1.9,10.8,6.4,30.7,1.7,0.7,10.4,31,6.3,2.7,8.9,6.9,-0.7,6.2,4,32.2,8.9,18.1,0.491,2.8,6.8,0.408,6.1,11.3,0.541,0.568,0.889,24.4,3.1,5.2,59.7,0.8,1.7,45.2,0.9,1.8,46.8,1.1,2.1,49.6,1.1,2.3,46,2.1,4.9,42.6
150,150,Wesley Iwundu,SF,23,ORL,62,1020,7.8,0.48,0.211,0.216,3.9,11,7.4,7.8,1.6,0.9,11.2,11.6,0,0.7,0.7,-3.7,0.2,-3.5,-0.4,16.5,1.5,3.5,0.427,0.1,0.7,0.196,1.4,2.8,0.488,0.447,0.723,3.7,1,1.6,60.8,0.1,0.4,33.3,0.1,0.4,40.9,0.1,0.3,30,0.2,0.7,25,0,0.2,6.7
151,151,Jarrett Jack,PG,34,NYK,62,1548,11.5,0.489,0.194,0.169,1.6,12.1,6.8,31.3,1.1,0.2,19.5,16.7,0.5,0.7,1.2,-1.9,-1.7,-3.5,-0.6,25,3,7.1,0.427,0.4,1.4,0.291,2.6,5.8,0.459,0.455,0.84,7.5,0.7,1.3,53.7,0.6,1.1,52.2,0.4,1,40,0.5,1.4,37.5,0.5,1.3,39.5,0.3,0.9,33.3
152,152,Josh Jackson,SF,20,PHO,77,1959,11.8,0.48,0.233,0.299,5.1,14.2,9.6,10.1,2,1.4,12.2,26,-2,1.2,-0.7,-3.1,-1.2,-4.3,-1.1,25.4,5.1,12.1,0.417,0.7,2.8,0.263,4.3,9.3,0.464,0.448,0.634,13.1,2.8,4.9,55.9,0.6,1.6,38.7,0.3,1.2,29.2,0.4,1.2,37.8,0.5,1.6,33.3,0.4,1.6,22.8
153,153,Justin Jackson,SF,22,SAC,68,1506,9.2,0.521,0.442,0.086,2,12.6,7.1,7.2,0.9,0.8,8.4,14.2,0.4,0.5,1,-2,-1.5,-3.5,-0.6,22.1,2.7,6.2,0.442,0.8,2.7,0.308,1.9,3.4,0.547,0.51,0.722,6.7,1,1.3,74.4,0.3,0.7,42,0.3,0.6,46.5,0.2,0.5,30.6,0.6,1.8,36.7,0.3,1.1,28.9
154,154,Reggie Jackson,PG,27,DET,45,1201,15.9,0.516,0.293,0.232,2.6,9,5.7,32.8,1.1,0.3,13.5,27.1,1.1,0.9,2,0.8,-2.3,-1.5,0.2,26.7,5.5,12.8,0.426,1.2,3.8,0.308,4.3,9.1,0.475,0.471,0.836,14.6,1.5,3,50.7,1.1,2.2,48.5,1,1.9,51.2,0.6,1.6,36.1,0.5,1.3,38.3,0.8,2.6,30.3
155,155,LeBron James,PF,33,CLE,82,3026,28.6,0.621,0.257,0.336,3.7,22.3,13.1,44.4,1.9,2,16.1,31.6,11,3,14,7.6,2,9.6,8.9,36.9,10.5,19.3,0.542,1.8,5,0.367,8.6,14.3,0.603,0.59,0.731,27.5,6.7,9,73.7,0.4,1.3,31.1,0.6,1.4,42.1,0.7,1.7,40.7,0.6,2.1,30.6,1.4,3.6,38.3
156,156,Al Jefferson,C,33,IND,36,484,20.2,0.563,0.014,0.173,7,26.2,16.7,10,1.7,4.2,8.6,22.5,0.8,0.8,1.6,-1.7,1.3,-0.5,0.2,13.4,3.1,5.8,0.534,0,0.1,0,3.1,5.7,0.541,0.534,0.833,7,1.3,2,61.6,0.7,1.4,51,0.7,1.1,63.2,0.5,1.2,39,0,0.2,16.7,0,0,0
157,157,Jonas Jerebko,PF,30,UTA,74,1134,13.2,0.586,0.46,0.167,5.4,19.1,12.3,5.7,1.1,0.9,6.9,15.6,1.8,1.6,3.4,-0.3,-0.3,-0.6,0.4,15.3,2.1,4.6,0.466,0.9,2.1,0.414,1.3,2.5,0.511,0.562,0.807,5.8,0.9,1.5,63.3,0.2,0.5,30,0.1,0.2,53.8,0,0.1,20,0.6,1.4,43.6,0.3,0.9,36.8
158,158,Amir Johnson,C,30,PHI,74,1171,14.9,0.575,0.123,0.327,11.8,18.3,15.2,13.9,1.8,3.1,15.6,12.8,2.1,2,4.1,-0.2,3.1,2.9,1.5,15.8,1.9,3.5,0.538,0.1,0.4,0.313,1.8,3.1,0.57,0.558,0.612,4.6,1.3,2.1,64.1,0.4,0.8,46.6,0,0.1,20,0,0.1,50,0.1,0.2,33.3,0.1,0.3,31.6
159,159,James Johnson,PF,30,MIA,73,1943,15.8,0.575,0.301,0.264,3.5,17.2,10.3,22.5,1.8,2.2,17.1,19.1,2.2,2.8,5,0,1.7,1.7,1.8,26.6,4.2,8.4,0.503,0.8,2.5,0.308,3.5,5.9,0.587,0.55,0.698,10.8,2.6,3.9,65.6,0.4,0.8,50.8,0.2,0.4,46.7,0.2,0.6,40.5,0.5,1.4,32.4,0.4,1.2,29.9
160,160,Stanley Johnson,SF,21,DET,69,1894,9,0.48,0.418,0.259,1.9,13,7.3,8.5,2.5,0.7,11,16.4,-0.6,2.4,1.8,-2.6,1.1,-1.5,0.2,27.4,3,8.1,0.375,1,3.4,0.286,2.1,4.7,0.439,0.435,0.772,8.7,1.3,2.3,55.1,0.2,0.8,26.4,0.2,0.5,30.6,0.4,0.9,41.3,0.6,1.8,33.3,0.4,1.8,25.2
161,161,Tyler Johnson,PG,25,MIA,72,2052,13,0.549,0.456,0.181,1.9,11.7,6.8,12.4,1.5,1.4,9.5,18.6,1.9,2.3,4.2,-0.1,-0.1,-0.2,0.9,28.5,4.3,9.9,0.435,1.7,4.5,0.367,2.6,5.4,0.491,0.518,0.822,11.7,1.4,2.3,60.8,0.3,0.8,42.4,0.3,0.7,39.6,0.4,0.9,41.8,1,2.6,37.6,0.9,2.5,35.9
162,162,Wesley Johnson,SF,30,LAC,74,1486,9.8,0.512,0.481,0.158,2.2,13.6,8,5.6,2.5,3.5,12.3,13,-0.1,1.7,1.7,-2,2.3,0.3,0.9,20.1,2,5,0.408,0.8,2.4,0.339,1.2,2.6,0.471,0.489,0.741,5.4,0.5,0.9,60.9,0,0.1,28.6,0.1,0.3,40,0.4,0.9,41.8,0.8,2.1,35.9,0.2,0.8,32.1
163,163,Nikola Jokic,C,22,DEN,75,2443,24.4,0.603,0.277,0.31,9,27.9,18.5,29.6,1.8,2.1,15.5,24.2,7.8,2.9,10.7,4.8,2.3,7.1,5.6,32.6,6.7,13.5,0.499,1.5,3.7,0.396,5.2,9.7,0.538,0.554,0.85,18.5,2.9,4.7,61.3,1.1,2.2,49.4,0.6,1.3,46.9,0.5,1.1,45.6,0.8,1.9,42.4,0.9,2.3,37.4
164,164,Tyus Jones,PG,21,MIN,82,1467,14.1,0.572,0.393,0.247,1.2,9.2,5.2,21.2,3.2,0.4,14,12.7,2.3,1.2,3.6,0.8,-0.3,0.5,0.9,17.9,1.8,4,0.457,0.5,1.6,0.349,1.3,2.4,0.528,0.526,0.877,5.1,0.7,1.1,60.4,0.2,0.6,42.2,0.2,0.4,51.6,0.1,0.3,45.8,0.4,1,36.7,0.2,0.6,35.8
165,165,DeAndre Jordan,C,29,LAC,77,2424,20.2,0.648,0,0.54,15.1,37.6,26.5,7.1,0.8,2.4,16.1,15.2,6,3.4,9.4,0.5,1.6,2.1,2.5,31.5,4.8,7.5,0.645,0,0,0,4.8,7.5,0.645,0.645,0.58,12,4.7,7,67,0.1,0.5,31.4,0,0,33.3,0,0,0,0,0,0,0,0,0
166,166,Cory Joseph,PG,26,IND,82,2210,11,0.503,0.315,0.156,2,11.4,6.7,16.1,1.8,0.7,11.9,14.8,1.2,2,3.1,-1.3,0.1,-1.2,0.5,27,3.1,7.4,0.424,0.8,2.3,0.353,2.3,5,0.457,0.479,0.745,7.9,0.8,1.5,52.4,0.3,0.5,54.5,0.4,0.9,41.4,0.7,1.7,43,0.4,1.2,33.3,0.5,1.5,35.8
167,167,Frank Kaminsky,PF,24,CHO,79,1835,14.4,0.545,0.383,0.271,2.7,14.5,8.5,11,1,0.9,7.6,20.5,2.3,1.3,3.6,0.3,-1.2,-0.9,0.5,23.2,3.9,9.1,0.429,1.3,3.5,0.38,2.6,5.6,0.459,0.501,0.799,11.1,1.2,2.1,59.1,0.7,1.7,38.4,0.5,1.1,44.2,0.2,0.6,27.1,0.2,0.7,32.8,1.1,2.8,39
168,168,Enes Kanter,C,25,NYK,71,1830,24,0.63,0.003,0.258,16.6,30.6,23.6,9.4,1,1.7,13.3,21.8,5.5,2.1,7.6,2.4,0.1,2.5,2.1,25.8,5.9,10,0.592,0,0,0,5.9,10,0.594,0.592,0.848,14.1,4.5,6.9,65,0.9,1.9,48.5,0.3,0.6,45.7,0.3,0.6,45,0,0,0,0,0,0
169,169,Luke Kennard,SG,21,DET,73,1463,12.1,0.56,0.419,0.163,1.6,11.9,6.6,12.7,1.5,0.8,12.2,17.2,1.1,1.4,2.6,-1.1,-0.4,-1.5,0.2,20,2.8,6.4,0.443,1.1,2.7,0.415,1.7,3.7,0.463,0.53,0.855,7.6,0.6,1.1,53.8,0.2,0.6,28.9,0.3,0.6,41.3,0.6,1.1,50.6,0.4,1,41.1,0.8,1.9,43.2
170,170,Michael Kidd-Gilchrist,SF,24,CHO,74,1850,12.5,0.536,0.004,0.305,4.8,13,8.8,5.9,1.3,1.4,7.7,16.1,1.7,1.6,3.3,-2,0.3,-1.7,0.1,25,3.8,7.6,0.504,0,0,0,3.8,7.5,0.505,0.504,0.684,9.2,2.3,3.5,64.2,0.3,1,35.2,0.4,0.8,41.9,0.7,1.8,40,0.1,0.4,32.3,0,0,0
171,171,Maxi Kleber,PF,26,DAL,72,1206,13.4,0.576,0.414,0.191,6.3,15.6,10.8,6.4,1.1,3.5,8.2,13.7,1.6,1.2,2.8,-1,1.2,0.2,0.7,16.8,2.1,4.3,0.489,0.6,1.8,0.313,1.5,2.5,0.613,0.553,0.746,5.4,1.2,1.8,67.4,0.1,0.2,61.5,0.1,0.2,50,0.1,0.3,33.3,0.4,1,37.7,0.2,0.9,25.4
172,172,Kyle Korver,SG,36,CLE,73,1574,13.4,0.652,0.777,0.149,0.7,10.9,5.9,8,1,1.5,9.6,16,2.8,0.6,3.4,2.2,-2,0.1,0.9,21.6,3,6.6,0.459,2.2,5.2,0.436,0.8,1.5,0.537,0.628,0.889,9.2,0.3,0.5,72.7,0,0.1,40,0.1,0.2,46.7,0.2,0.4,44.8,1,2.3,44.9,1.3,3.1,43
173,173,Kosta Koufos,C,28,SAC,71,1391,17.5,0.566,0,0.19,11.7,27.6,19.3,9.7,1.7,2.2,10.4,15.2,2.3,1.5,3.9,-0.8,1.4,0.5,0.9,19.6,3.1,5.5,0.571,0,0,0,3.1,5.5,0.571,0.571,0.446,6.7,1.7,2.6,66.3,1,2.1,48.7,0.3,0.7,47.1,0,0,100,0,0,0,0,0,0
174,174,Kyle Kuzma,PF,22,LAL,77,2401,14.2,0.549,0.418,0.2,3.9,17.4,10.7,9.1,1,1.1,11,22.5,1.5,2.3,3.8,-0.3,-1,-1.3,0.4,31.2,6.1,13.5,0.45,2.1,5.6,0.366,4,7.9,0.511,0.527,0.707,16.1,2.6,4.5,58.5,0.6,1.3,47.1,0.3,0.8,38.1,0.3,0.8,41.4,0.7,2.3,32.2,1.4,3.7,38.9
175,175,Skal Labissière,PF,21,SAC,60,1240,14.3,0.513,0.111,0.258,8.7,18.1,13.2,9.1,1,3.7,12.5,21.1,0.4,1,1.4,-2.7,0.1,-2.6,-0.2,20.7,3.4,7.6,0.448,0.3,0.9,0.353,3.1,6.8,0.459,0.467,0.805,8.7,1.6,2.5,64.6,0.7,1.9,35.7,0.4,1,38.3,0.4,1.3,33.8,0.2,0.4,36,0.2,0.6,34.3
176,176,Jeremy Lamb,SG,25,CHO,80,1967,17,0.559,0.305,0.25,2.7,15.4,8.9,15.4,1.5,1.4,9.1,22.4,3,1.9,4.9,1.2,-0.2,0.9,1.5,24.6,4.8,10.4,0.457,1.2,3.2,0.37,3.6,7.2,0.495,0.513,0.861,12.9,1.6,2.7,58.8,0.6,1.3,47.5,0.6,1.3,50.5,0.6,1.7,37.9,0.6,1.4,39.6,0.7,2,35.6
177,177,Shane Larkin,PG,25,BOS,54,775,10.3,0.491,0.393,0.169,2.1,10.7,6.5,18.5,1.9,0.2,12.3,15.5,0.3,1.1,1.4,-2.3,0.1,-2.2,0,14.4,1.6,4.1,0.384,0.6,1.6,0.36,1,2.5,0.398,0.454,0.865,4.3,0.6,1.2,50.8,0.1,0.2,45.5,0.1,0.2,36.4,0.1,0.6,22.6,0.3,0.9,34.8,0.4,1.1,35.1
178,178,Courtney Lee,SG,32,NYK,76,2310,13,0.564,0.368,0.164,1.4,9.3,5.4,11.3,1.7,0.6,9.4,16.9,2.7,1.2,3.9,0.8,-0.7,0,1.2,30.4,4.5,9.9,0.454,1.5,3.7,0.406,3,6.3,0.482,0.529,0.919,12,1.2,1.9,62.6,0.3,0.7,40.7,0.6,1.2,47.8,0.7,1.6,44,1,2.4,39.8,0.8,2,37.5
179,179,Alex Len,C,24,PHO,69,1395,19.4,0.612,0.008,0.611,13.2,26.7,19.8,9.1,0.9,3.5,14,17,3.2,1.3,4.5,-0.3,1.1,0.8,1,20.2,3.1,5.5,0.566,0,0,0.333,3.1,5.4,0.568,0.567,0.684,8.5,2.8,4.7,60.4,0.1,0.3,36.8,0.1,0.3,50,0,0.2,18.2,0,0.1,0,0,0,50
180,180,Caris LeVert,SF,23,BRK,71,1864,14.2,0.525,0.333,0.254,3,11.9,7.4,26,2.1,0.9,15.8,22.5,0.7,1.6,2.3,-0.3,-0.2,-0.5,0.7,26.3,4.5,10.4,0.435,1.2,3.5,0.347,3.3,6.9,0.48,0.493,0.711,12.1,2.3,4.1,57.3,0.4,1.1,36.3,0.3,0.9,37.5,0.2,0.6,28.9,0.5,1.4,34,0.8,2.2,35
181,181,Damian Lillard,PG,27,POR,73,2670,25.2,0.594,0.445,0.38,2.6,10.6,6.6,30.9,1.4,0.8,11.1,30.6,9.9,2.7,12.6,7.7,-1,6.7,5.9,36.6,8.5,19.4,0.439,3.1,8.6,0.361,5.4,10.8,0.501,0.519,0.916,26.9,3.2,6,53.4,0.5,1,48.6,0.5,1.3,39.8,0.8,1.6,49.1,0.9,2.5,36.7,2.5,6.6,38.2
182,182,Shaun Livingston,PG,32,GSW,71,1129,11.6,0.533,0.015,0.178,3.4,9.2,6.5,16.8,1.5,1.5,13.6,16.6,0.9,0.9,1.8,-2.6,-0.9,-3.5,-0.4,15.9,2.4,4.8,0.501,0,0.1,0,2.4,4.8,0.509,0.501,0.82,5.5,0.9,1.3,67,0.4,0.7,50,0.9,2,44.3,0.3,0.7,38.8,0,0.1,40,0,0,0
183,183,Kevon Looney,C,21,GSW,66,910,14.8,0.588,0.026,0.399,11,15.2,13.2,6,1.8,4.9,12,12.4,1.5,1.3,2.8,-0.9,2.1,1.2,0.7,13.8,1.7,2.9,0.58,0,0.1,0.2,1.7,2.8,0.59,0.583,0.545,4,1.5,2.2,65.7,0.1,0.3,22.2,0.1,0.1,66.7,0.1,0.2,38.5,0,0.1,42.9,0,0,0
184,184,Brook Lopez,C,29,LAL,74,1735,16.5,0.557,0.41,0.199,4.6,13.4,9,11.6,0.8,4.6,10.2,23.5,1.9,1.9,3.8,0.3,0.2,0.5,1.1,23.4,5,10.7,0.465,1.5,4.4,0.345,3.5,6.3,0.549,0.536,0.703,13,1.8,2.6,70.8,0.9,2,46.6,0.5,1.2,40.7,0.2,0.5,41.2,0.5,1.1,41.5,1.1,3.3,32.2
185,185,Robin Lopez,C,29,CHI,64,1690,14.7,0.552,0.022,0.14,8.2,10.3,9.2,12.3,0.4,2.8,13.5,20.4,1.2,0.7,1.9,-1.7,-0.3,-1.9,0,26.4,5.3,10.1,0.53,0.1,0.2,0.286,5.3,9.9,0.536,0.533,0.756,11.8,3,4.5,65.7,1.3,2.6,50.3,0.3,0.7,36.4,0.5,1.3,43.8,0.2,0.8,25.9,0,0.2,27.3
186,186,Kevin Love,C,29,CLE,59,1651,22.4,0.614,0.453,0.365,7,29.8,18.6,9.8,1.3,1.2,9.6,25.1,4.7,1.6,6.4,2.7,-1.5,1.3,1.4,28,5.7,12.4,0.458,2.3,5.6,0.415,3.3,6.8,0.494,0.552,0.88,17.6,2.1,3.5,59.4,0.4,1,37.9,0.4,1.1,40.3,0.4,1,37.5,1,2.6,39.6,1.3,3.2,42.2
187,187,Kyle Lowry,PG,31,TOR,78,2510,19.5,0.598,0.631,0.276,3,16.1,9.7,30.9,1.7,0.6,14.7,21.7,7,3.1,10.2,5.4,0.5,5.9,5,32.2,5.2,12.1,0.427,3.1,7.6,0.399,2.1,4.5,0.474,0.553,0.854,16.2,1.6,2.6,60.8,0.1,0.6,19.6,0.2,0.6,35.6,0.2,0.5,37.5,0.9,2.2,41.2,2.2,5.4,39.6
188,188,Timothé Luwawu-Cabarrot,SF,22,PHI,52,807,7,0.511,0.592,0.217,1.9,7.5,4.8,9.3,0.7,0.5,11.5,17.5,0.1,0.7,0.8,-2.3,-2.4,-4.7,-0.5,15.5,1.9,5.1,0.375,1,3,0.335,0.9,2.1,0.431,0.474,0.793,5.8,0.8,1.6,50.6,0,0.2,8.3,0,0,100,0,0.1,20,0.5,1.5,31.1,0.6,1.7,34.8
189,189,Trey Lyles,PF,22,DEN,73,1391,17.9,0.591,0.396,0.26,4.5,23.5,14,10.1,1.1,2,9.1,21.1,2.7,1.2,3.9,0.6,-1.4,-0.8,0.4,19.1,3.7,7.5,0.491,1.1,3,0.381,2.6,4.5,0.563,0.566,0.706,9.9,1.8,2.9,62.8,0.3,0.7,38.5,0.3,0.6,53.7,0.1,0.3,38.9,0.6,1.3,41.2,0.6,1.7,36.9
190,190,Shelvin Mack,PG,27,ORL,69,1365,13.3,0.518,0.336,0.234,1.8,11.6,6.7,29.5,1.9,0.5,16.3,17.6,1,1,1.9,-1.2,-1.2,-2.4,-0.1,19.8,2.6,6,0.43,0.7,2,0.345,1.9,4,0.473,0.488,0.711,6.9,1.2,1.9,61.4,0.3,0.8,33.9,0.2,0.7,28.9,0.2,0.5,45.2,0.2,0.7,32.7,0.5,1.5,35
191,191,Ian Mahinmi,C,31,WAS,77,1145,12.2,0.601,0.008,0.516,13.4,17.4,15.4,6.6,1.6,3.2,24.7,15.6,0.8,1.4,2.2,-2.3,1.6,-0.7,0.4,14.9,1.8,3.2,0.556,0,0,0,1.8,3.2,0.561,0.556,0.703,4.8,1.5,2.4,59.9,0.3,0.6,48.9,0.1,0.1,40,0,0.1,0,0,0,0,0,0,0
192,192,Thon Maker,C,20,MIL,74,1238,10.2,0.499,0.329,0.294,7.1,14.2,10.6,5.2,1.5,3.7,11,14.6,0.3,1.1,1.5,-2.7,0,-2.7,-0.2,16.7,1.8,4.3,0.411,0.4,1.4,0.298,1.3,2.9,0.467,0.46,0.699,4.8,0.7,1.5,50,0.1,0.3,34.8,0.1,0.3,36.4,0.3,0.6,46.5,0.4,0.9,38.8,0.2,0.7,28
193,193,Lauri Markkanen,PF,20,CHI,68,2020,15.6,0.552,0.465,0.193,4,23.7,13.5,6.4,0.9,1.8,8.2,21.9,1.7,1.6,3.3,-0.6,-1.3,-1.9,0.1,29.7,5.5,12.7,0.434,2.1,5.9,0.362,3.4,6.8,0.497,0.518,0.843,15.2,2.4,3.8,62,0.3,0.8,32.1,0.3,0.9,34.4,0.3,1,34.8,0.8,2.1,36.6,1.5,4,36.1
194,194,Jarell Martin,PF,23,MEM,73,1661,10.5,0.516,0.198,0.234,6.6,15.8,11.1,7,1.2,2.8,13.6,17.1,0.1,1.2,1.3,-3,0,-3,-0.4,22.8,3,6.8,0.446,0.5,1.3,0.347,2.6,5.5,0.47,0.48,0.767,7.7,1.7,3.1,55.2,0.1,0.4,18.5,0.2,0.5,40.5,0.3,0.9,36.4,0.5,1.4,37.6,0.2,0.5,40
195,195,Frank Mason,PG,23,SAC,52,984,13,0.48,0.226,0.303,3.3,12.1,7.5,22.7,1.7,1,13.1,22.6,0,0.6,0.5,-2,-1.4,-3.4,-0.4,18.9,2.8,7.3,0.379,0.6,1.7,0.36,2.2,5.7,0.384,0.42,0.817,7.9,1.1,2.6,42.2,0.3,0.9,31.3,0.2,0.6,34.4,0.3,0.9,31.9,0.6,1.2,49.2,0.3,1,32
196,196,Wesley Matthews,SF,31,DAL,63,2131,11.4,0.541,0.577,0.145,1.4,9.2,5.2,12.3,1.8,0.7,10.1,17.6,1,1.6,2.6,0.2,-0.2,0.1,1.1,33.8,4.5,11.1,0.406,2.4,6.4,0.381,2.1,4.7,0.441,0.516,0.822,12.7,0.6,1.3,48.2,0.5,1,45.5,0.5,1.1,42.6,0.4,0.9,49.1,1.2,3,41,1.3,3.7,33.9
197,197,Luc Mbah a Moute,PF,31,HOU,61,1564,10.3,0.595,0.501,0.275,1.6,11.7,6.7,5,2.3,1.4,15,12.8,0.8,2.1,2.8,-1.5,1.5,0,0.8,25.6,2.7,5.7,0.481,1,2.8,0.364,1.7,2.8,0.599,0.572,0.684,7.5,1.6,2.6,62.3,0.1,0.1,66.7,0,0,0,0,0,0,0.6,1.8,35.1,0.4,1.1,36.4
198,198,Patrick McCaw,SG,22,GSW,57,961,7.4,0.477,0.356,0.151,2,7.2,4.8,10.6,2.2,0.8,14.6,12.8,-0.3,0.8,0.6,-2.9,-0.5,-3.4,-0.3,16.9,1.6,3.9,0.409,0.3,1.4,0.238,1.3,2.5,0.503,0.451,0.765,4,1,1.7,61.3,0.1,0.3,28.6,0.1,0.2,25,0.1,0.3,33.3,0.2,0.6,37.1,0.2,0.9,17.3
199,199,CJ McCollum,SG,26,POR,81,2923,17,0.536,0.316,0.166,2,9.9,6,15.8,1.3,1,8.6,26.5,3.7,2.9,6.6,1.4,-1,0.4,1.8,36.1,8.2,18.6,0.443,2.3,5.9,0.397,5.9,12.7,0.465,0.506,0.836,21.4,2.1,4.1,51.7,0.9,2.1,41,1.2,2.4,49.5,1.3,3.1,42.7,1.2,3.1,39.6,1.4,3.5,39.5
200,200,T.J. McConnell,PG,25,PHI,76,1706,12.5,0.545,0.147,0.093,2.4,11.5,7.1,24.5,2.6,0.6,20.4,13.8,1.3,2.5,3.8,-1.8,1.1,-0.7,0.5,22.4,2.8,5.5,0.499,0.4,0.8,0.435,2.4,4.7,0.51,0.531,0.795,6.3,1,1.7,59.2,0.5,1,52.8,0.6,1.3,43.4,0.3,0.7,44.9,0.2,0.5,45,0.2,0.4,44.4
201,201,Ben McLemore,SG,24,MEM,56,1091,9.7,0.526,0.426,0.172,3.5,11.4,7.4,7.5,1.8,1.3,13.2,19,-0.2,0.7,0.5,-2.1,-1.4,-3.6,-0.4,19.5,2.8,6.7,0.421,1,2.8,0.346,1.8,3.8,0.477,0.495,0.828,7.5,1.1,2,55.8,0.1,0.4,29.2,0.2,0.3,62.5,0.2,0.7,33.3,0.6,1.6,35.9,0.6,1.6,35.6
202,202,Jodie Meeks,SG,30,WAS,77,1119,12.4,0.548,0.534,0.298,1.5,11.2,6.4,9.1,1.3,0.3,7.7,19,1.3,0.8,2,-0.4,-2.5,-2.8,-0.2,14.5,2,5.1,0.399,0.9,2.7,0.343,1.1,2.4,0.464,0.491,0.863,6.3,0.6,0.8,67.2,0.2,0.4,43.3,0.1,0.5,28.6,0.2,0.6,36.6,0.3,1,27.6,0.7,1.9,37.2
203,203,Salah Mejri,C,31,DAL,61,729,17.8,0.644,0.022,0.482,12.5,25.4,18.7,7.2,1.5,8.2,19,12.8,1.3,1.3,2.7,-2.2,5.3,3.1,0.9,12,1.4,2.2,0.642,0,0,0,1.4,2.2,0.657,0.642,0.576,3.5,1.4,1.9,70.4,0.1,0.3,40,0,0,0,0,0.1,25,0,0,0,0,0.1,0
204,204,Khris Middleton,SF,26,MIL,82,2982,17.4,0.577,0.32,0.285,1.8,15,8.4,17.7,2,0.6,11.8,24.6,4.6,2.3,6.9,1.6,-1.2,0.4,1.8,36.4,7.2,15.5,0.466,1.8,5,0.359,5.5,10.5,0.517,0.524,0.884,20.1,1.5,2.8,54.8,0.7,1.4,51.7,1.4,2.6,52.1,1.6,3.3,50.2,0.8,2.1,39.1,1.1,3.3,34.8
205,205,C.J. Miles,SF,30,TOR,70,1337,13,0.545,0.758,0.162,1.5,11,6.4,6,1.4,1.3,5.7,22.3,1.4,1.5,2.9,1.7,-2.2,-0.5,0.5,19.1,3.2,8.6,0.379,2.3,6.5,0.361,0.9,2.1,0.434,0.516,0.835,10,0.6,1,61.8,0.1,0.4,21.4,0.1,0.2,40,0.1,0.3,36.8,0.9,2.4,36.5,1.5,4.1,35.7
206,206,Darius Miller,SF,27,NOP,82,1944,9.3,0.617,0.735,0.138,1,7.9,4.6,7.5,0.7,0.7,10.1,12.8,2.1,0.9,3,0.5,-1.6,-1,0.5,23.7,2.6,5.9,0.444,1.8,4.4,0.411,0.8,1.6,0.535,0.594,0.866,7.8,0.1,0.2,58.8,0,0.1,33.3,0.2,0.4,57.1,0.3,0.6,50,1,1.9,51.3,1,2.7,36.9
207,207,Patty Mills,PG,29,SAS,82,2107,11.8,0.558,0.607,0.173,1.4,6.8,4.1,16,1.3,0.4,12.6,17.8,2,2.1,4.1,0.9,-1.3,-0.4,0.9,25.7,3.4,8.3,0.411,1.9,5,0.372,1.5,3.3,0.47,0.523,0.89,10,0.6,1,57,0.1,0.2,31.6,0,0.1,36.4,0.5,1.1,42.5,1.1,2.5,44,1.1,3.2,34.2
208,208,Paul Millsap,PF,32,DEN,38,1143,17,0.549,0.26,0.37,6.4,17.6,12.1,13.9,1.7,3.2,12.6,22,1.4,1.1,2.5,0.1,0.7,0.8,0.8,30.1,5.3,11.4,0.464,1,3,0.345,4.3,8.5,0.506,0.509,0.696,14.6,2.2,3.7,59.3,1.1,2.3,47.7,0.8,1.7,43.9,0.2,0.6,33.3,0.4,1.4,30.9,0.6,1.6,38.3
209,209,Donovan Mitchell,SG,21,UTA,79,2638,16.7,0.541,0.404,0.218,2.3,10.4,6.4,19.4,2.2,0.9,12.6,29.1,1.4,3.8,5.2,1.3,-0.2,1.1,2.1,33.4,7.5,17.2,0.437,2.4,7,0.34,5.2,10.3,0.502,0.506,0.805,20.5,3.2,5.5,58.7,0.6,1.5,40,0.5,1.4,38.2,0.6,1.3,42.7,1,2.6,37.9,1.6,4.7,33.8
210,210,Malik Monk,SG,19,CHO,63,854,10.3,0.477,0.572,0.089,1,7.5,4.2,16.9,1.1,0.9,10,24.9,-0.5,0.5,0,-1,-3.4,-4.5,-0.5,13.6,2.4,6.7,0.36,1.3,3.9,0.342,1.1,2.9,0.385,0.458,0.842,6.7,0.5,0.9,58.9,0.1,0.4,26.1,0.2,0.5,31,0.2,0.7,24.4,0.7,1.9,38.6,0.9,2.6,33.3
211,211,E'Twaun Moore,SG,28,NOP,82,2586,12.1,0.593,0.362,0.082,2.5,7.3,5,10.1,1.5,0.4,10.6,16.1,2.8,1.6,4.4,0.6,-0.8,-0.2,1.2,31.5,5.2,10.1,0.508,1.6,3.7,0.425,3.6,6.5,0.556,0.585,0.706,12.5,1.8,2.9,63.4,1,1.8,56.8,0.4,0.8,42.6,0.2,0.6,37,1.2,2.5,47.8,0.5,1.5,35.7
212,212,Eric Moreland,PF,26,DET,67,805,13.9,0.531,0,0.238,10.9,27.6,19.1,13.3,1.9,5.6,23.8,9.7,0.7,1.6,2.3,-3.1,5.8,2.6,0.9,12,1,1.8,0.541,0,0,0,1,1.8,0.541,0.541,0.379,2.1,0.8,1.3,61.6,0.1,0.3,40.9,0.1,0.2,36.4,0,0,0,0,0,0,0,0,0
213,213,Marcus Morris,PF,28,BOS,54,1447,14.5,0.541,0.383,0.252,3.3,18.4,10.9,8.1,1.2,0.7,8.7,23,1.1,2.2,3.2,-1.1,-0.6,-1.7,0.1,26.8,4.9,11.3,0.429,1.6,4.3,0.368,3.3,7,0.467,0.499,0.805,13.6,1.2,2.1,57.1,0.4,0.9,39.2,0.6,1.6,41.2,0.8,1.8,44.8,0.9,1.9,44.2,1,2.8,35.3
214,214,Markieff Morris,PF,28,WAS,73,1968,13.2,0.566,0.301,0.186,4.3,19.2,11.8,11,1.4,1.7,14.6,19.5,1.2,2.1,3.3,-1,0.5,-0.5,0.7,27,4.5,9.4,0.48,1,2.8,0.367,3.5,6.6,0.529,0.536,0.82,11.5,1.5,2.3,65.9,0.5,1,48.6,0.9,1.8,50.8,0.5,1.3,40.8,0.5,1.3,36.8,0.6,1.6,37
215,215,Timofey Mozgov,C,31,BRK,31,359,12.3,0.617,0.194,0.323,9.4,19.7,14.5,4.8,0.7,2.7,23.7,16.8,0.1,0.3,0.4,-3.8,-0.3,-4.1,-0.2,11.6,1.7,3,0.559,0.1,0.6,0.222,1.5,2.4,0.64,0.581,0.767,4.2,1.4,2,68.3,0.1,0.2,60,0,0.1,25,0,0,0,0.2,0.5,29.4,0,0.1,0
216,216,Dejounte Murray,PG,21,SAS,81,1743,15.1,0.485,0.056,0.243,7,22.4,14.6,20.2,2.8,1.5,16.6,20.7,-0.2,3.4,3.2,-2.2,3.4,1.2,1.4,21.5,3.3,7.5,0.443,0.1,0.4,0.265,3.2,7.1,0.454,0.451,0.709,8.1,1.9,3.6,53.8,0.5,1.3,41,0.5,1.4,33.6,0.4,1,36.8,0.1,0.4,29,0,0.1,22.2
217,217,Jamal Murray,PG,20,DEN,81,2565,16.1,0.576,0.411,0.238,3.6,9.4,6.5,16.4,1.5,0.9,12.8,22.8,4.3,1.2,5.5,1.8,-2,-0.2,1.2,31.7,5.9,13.1,0.451,2,5.4,0.378,3.9,7.7,0.502,0.529,0.905,16.7,2,3.5,57.5,0.5,1.1,44.9,0.6,1.3,48.1,0.6,1.4,41.6,1,2.6,38.8,1.2,3,38.4
218,218,Mike Muscala,C,26,ATL,53,1060,14.4,0.597,0.535,0.199,5.9,18.3,12.1,7.3,1.4,2.2,11,15.7,1.5,0.9,2.4,0,0.2,0.2,0.6,20,2.7,5.9,0.458,1.2,3.2,0.371,1.5,2.7,0.559,0.558,0.919,7.6,1.1,1.5,69.1,0.1,0.4,25,0.2,0.5,42.9,0.1,0.3,46.2,0.7,1.5,48.1,0.5,1.7,28.6
219,219,Abdel Nader,SF,24,BOS,48,522,5.1,0.439,0.436,0.262,2.8,12,7.4,7.1,1.4,1.6,17,17.1,-0.9,0.8,-0.1,-5.9,0.3,-5.6,-0.5,10.9,1,3.1,0.336,0.5,1.4,0.354,0.6,1.8,0.321,0.413,0.59,3,0.4,1.1,40.4,0.1,0.5,20,0,0.1,20,0,0.1,0,0.3,0.7,38.7,0.3,0.8,32.4
220,220,Shabazz Napier,PG,26,POR,74,1535,14.2,0.544,0.411,0.26,1.9,10.1,6,14.6,2.6,0.7,13.2,19.5,1.2,2,3.2,-0.2,0.3,0.2,0.8,20.7,3,7.2,0.42,1.1,2.9,0.376,1.9,4.2,0.45,0.497,0.841,8.7,0.8,1.6,50,0.1,0.3,24,0.2,0.5,39.5,0.5,1.1,47.1,0.7,1.9,39,0.7,1.7,38.7
221,221,Raul Neto,PG,25,UTA,41,498,11.9,0.55,0.311,0.232,1.6,9.5,5.6,23,1.3,0.7,17.8,18.3,0.3,0.6,0.9,-2.1,-1.1,-3.2,-0.1,12.1,1.7,3.7,0.457,0.5,1.1,0.404,1.2,2.5,0.481,0.52,0.743,4.5,0.9,1.5,58.7,0.1,0.4,37.5,0.1,0.4,26.7,0.1,0.2,33.3,0.4,0.8,48.5,0.1,0.3,28.6
222,222,Nerlens Noel,C,23,DAL,30,472,16.2,0.558,0.01,0.267,10.9,29.3,19.8,6.3,3.3,4.1,18.1,13.8,0.4,1,1.3,-3.5,4.5,1,0.4,15.7,1.8,3.5,0.524,0,0,0,1.8,3.5,0.529,0.524,0.75,4.4,1.4,2.6,55.4,0.3,0.4,81.8,0.2,0.5,35.7,0,0.2,0,0,0,0,0,0,0
223,223,Dirk Nowitzki,C,39,DAL,77,1900,16.7,0.575,0.445,0.142,1.2,25.2,12.8,10.4,1.1,2.1,6,20.5,2.6,2.2,4.8,0.1,0.3,0.3,1.1,24.7,4.5,9.8,0.456,1.8,4.4,0.409,2.7,5.5,0.494,0.547,0.898,12,0.4,0.5,72.5,0.1,0.2,42.9,0.8,1.7,48.4,1.1,2.2,48,1,2.2,46.7,1.1,3,37.1
224,224,Frank Ntilikina,PG,19,NYK,78,1706,7,0.437,0.314,0.136,2.4,9.1,5.8,20,1.9,0.9,19.8,16.9,-2,1.1,-0.9,-3.5,-0.5,-3.9,-0.8,21.9,2.3,6.4,0.364,0.6,2,0.318,1.7,4.4,0.385,0.414,0.721,5.9,0.7,1.4,52.8,0.1,0.3,24,0.2,0.7,32.1,0.3,1.1,28.6,0.6,1.6,36,0.4,1.2,34.4
225,225,Jusuf Nurkic,C,23,POR,79,2088,19.2,0.528,0.007,0.287,10,26.9,18.5,11.7,1.5,4.3,14.6,26.4,0.8,3.9,4.7,-2.6,2.8,0.3,1.2,26.4,6.1,12,0.505,0,0.1,0,6.1,11.9,0.508,0.505,0.63,14.3,4.3,7.3,58.6,0.7,1.9,38.2,0.4,1,39.7,0.3,0.8,33.9,0.4,0.9,41.1,0,0.1,0
226,226,David Nwaba,SG,25,CHI,70,1646,12.2,0.542,0.123,0.48,5.6,16,10.6,9.4,1.7,1.6,13.1,15.6,1.1,1.4,2.4,-2.5,0.9,-1.7,0.1,23.5,2.9,6,0.478,0.3,0.7,0.346,2.6,5.3,0.496,0.499,0.655,7.9,2.2,3.9,55.7,0.4,1.1,32.9,0.1,0.3,27.8,0,0,0,0.2,0.5,35.1,0.1,0.2,40
227,227,Johnny O'Bryant,PF,24,CHO,36,379,11.9,0.47,0.251,0.146,8.1,18.6,13.3,5.9,1.2,1.3,7.6,22.5,-0.1,0.4,0.3,-3.2,-2,-5.3,-0.3,10.5,1.9,4.8,0.398,0.4,1.2,0.326,1.5,3.6,0.422,0.439,0.84,4.8,0.7,1.2,58.1,0.1,0.6,23.8,0.4,1.1,37.8,0.2,0.7,33.3,0.1,0.4,23.1,0.4,0.9,41.9
228,228,Royce O'Neale,SF,24,UTA,69,1150,10.8,0.54,0.415,0.268,2.5,20.6,11.7,12,1.6,1.2,14.8,14.6,0.5,1.8,2.4,-2.4,1.7,-0.6,0.4,16.7,1.7,4.1,0.423,0.6,1.7,0.356,1.1,2.4,0.47,0.496,0.803,5,0.8,1.6,50.9,0.1,0.4,34.6,0.1,0.3,47.6,0,0.1,42.9,0.4,1.1,36.6,0.2,0.7,34.8
229,229,Kyle O'Quinn,C,27,NYK,77,1387,20,0.625,0.044,0.331,9.7,27.8,18.8,16.8,1.3,6.1,18.5,17,2.7,2.1,4.8,0.3,4.3,4.5,2.3,18,2.9,5,0.583,0.1,0.2,0.235,2.9,4.8,0.599,0.589,0.772,7.1,1.9,2.8,66.1,0.3,0.5,63.2,0.2,0.5,48.6,0.3,0.6,49,0.2,0.4,40.6,0,0.1,12.5
230,230,Semi Ojeleye,PF,23,BOS,73,1150,4.6,0.473,0.665,0.218,3.6,11.6,7.7,2.4,0.9,0.3,10.8,9,-0.2,1.3,1.2,-3.6,0.1,-3.5,-0.4,15.8,0.9,2.6,0.346,0.5,1.7,0.32,0.3,0.9,0.397,0.452,0.61,2.7,0.3,0.6,47.6,0,0.1,12.5,0,0.1,50,0,0.1,25,0.4,1.1,36.3,0.2,0.6,23.9
231,231,Victor Oladipo,SG,25,IND,75,2552,23.1,0.577,0.323,0.274,2.1,15.1,8.6,21.2,3.5,2,12.7,30.1,4.3,4,8.2,3.6,1.3,4.9,4.5,34,8.5,17.9,0.477,2.1,5.8,0.371,6.4,12.1,0.528,0.537,0.799,23.1,3.5,5.3,65.6,0.3,0.9,34.8,0.6,1.3,50,1.5,3.4,42.4,1,2.3,43.4,1.6,4.6,35.6
232,232,Kelly Olynyk,PF,26,MIA,76,1779,17.8,0.612,0.44,0.274,5.6,21.6,13.6,18.7,1.7,1.7,17.1,21.7,2.8,2.7,5.5,1.6,1.3,2.9,2.2,23.4,4.2,8.4,0.497,1.4,3.7,0.379,2.8,4.7,0.59,0.58,0.77,11.5,2.1,2.8,73.4,0.3,0.6,39.6,0.2,0.4,38.2,0.2,0.5,35.1,0.6,1.6,39.5,0.9,2.4,36.6
233,233,Cedi Osman,SF,22,CLE,61,672,11,0.577,0.468,0.247,3.2,16.6,10,8.7,1.6,0.4,13.4,15.7,0.5,0.4,0.9,-1.4,-1.5,-2.9,-0.2,11,1.5,3,0.484,0.5,1.4,0.368,1,1.6,0.586,0.57,0.565,3.9,0.7,1,66.1,0.1,0.2,77.8,0.1,0.1,57.1,0.2,0.4,47.4,0.4,1.1,34.5,0.2,0.6,38.2
234,234,Kelly Oubre,SF,22,WAS,81,2231,11.9,0.534,0.467,0.295,3,15.4,9.2,6.4,1.8,1.4,9.2,19.4,1.4,2.3,3.7,-0.8,-0.4,-1.2,0.4,27.5,3.9,9.8,0.403,1.6,4.6,0.341,2.4,5.2,0.456,0.482,0.82,11.8,1.8,3,58.3,0.2,0.8,29.5,0.1,0.5,28.6,0.2,0.7,24.6,0.6,1.8,31.1,1,2.8,35.2
235,235,Zaza Pachulia,C,33,GSW,69,972,17,0.612,0.004,0.352,11,25,18.5,15.2,1.9,1.4,19.1,17,1.8,1.4,3.3,-0.5,1.3,0.8,0.7,14.1,2.2,3.8,0.564,0,0,0,2.2,3.8,0.567,0.564,0.806,5.4,1.7,2.7,62.4,0.2,0.4,42.9,0.2,0.3,55,0.1,0.4,37,0,0,0,0,0,0
236,236,Jabari Parker,PF,22,MIL,31,743,17.1,0.55,0.244,0.163,6.6,17.1,11.9,13.1,1.7,1.2,11.2,24.4,0.6,0.6,1.2,-0.2,-1.6,-1.8,0,24,5.2,10.7,0.482,1,2.6,0.383,4.2,8.1,0.514,0.529,0.741,12.6,2.6,4.6,57,0.3,0.7,40.9,0.3,0.7,40.9,0.8,1.8,45.5,0.5,1.1,50,0.6,1.7,35.8
237,237,Tony Parker,PG,35,SAS,55,1071,12.7,0.498,0.095,0.201,0.7,9.2,4.9,28.2,1.3,0.1,13.9,20.5,0.4,1.1,1.4,-2.4,-1.7,-4.1,-0.6,19.5,3.2,7.1,0.459,0.2,0.7,0.27,3.1,6.4,0.479,0.472,0.705,7.7,1.7,2.7,60.3,0.2,0.7,36.1,0.3,0.8,44.2,0.6,1.6,39.3,0.3,1.2,29.7,0,0.1,25
238,238,Chandler Parsons,SF,29,MEM,36,691,13.6,0.578,0.517,0.115,2.3,13,7.5,16.4,1.3,1.5,12.5,18.3,0.7,0.4,1.1,0.4,-1.6,-1.2,0.1,19.2,3,6.5,0.462,1.4,3.4,0.421,1.6,3.1,0.504,0.571,0.63,7.9,0.8,1.2,62.8,0.1,0.3,41.7,0.3,0.5,50,0.2,0.7,30.8,0.8,1.4,53.8,0.9,2.3,37.8
239,239,Patrick Patterson,PF,28,OKC,82,1270,10,0.555,0.643,0.173,2.7,14.6,8.4,6.1,1.9,1.6,10.3,10.8,1.2,1.4,2.6,-1.6,0.3,-1.3,0.2,15.5,1.3,3.2,0.398,0.8,2.1,0.386,0.5,1.2,0.421,0.523,0.87,3.9,0.3,0.6,53.2,0.1,0.3,33.3,0,0.2,25,0,0,25,0.6,1.5,37.8,0.3,0.7,41.8
240,240,Chris Paul,PG,32,HOU,58,1847,24.4,0.604,0.475,0.277,2.3,16.7,9.5,40.9,2.6,0.6,12.5,24.5,7.5,2.7,10.2,6.2,0.9,7.1,4.2,31.8,6.3,13.8,0.46,2.5,6.5,0.38,3.8,7.2,0.532,0.55,0.919,18.6,1,1.6,61.7,0.5,1.1,44.4,1.2,2.4,47.9,1.1,1.9,58,0.9,2,46.6,1.6,4.5,36.2
241,241,Mason Plumlee,C,27,DEN,74,1439,16.9,0.586,0.003,0.486,10.4,20.9,15.6,14.4,1.7,4.7,18.7,16.6,1.8,1.8,3.6,-0.9,2.7,1.8,1.4,19.4,3,5,0.601,0,0,0,3,5,0.602,0.601,0.458,7.1,2.6,3.9,66.8,0.2,0.7,34,0,0.1,30,0.1,0.2,41.7,0,0,0,0,0,0
242,242,Miles Plumlee,C,29,ATL,55,918,10.6,0.574,0,0.333,9.4,18.3,13.9,7.2,0.9,2.8,23.4,12.8,0.1,0.7,0.9,-3.8,1.3,-2.5,-0.1,16.7,1.9,3.3,0.583,0,0,0,1.9,3.3,0.583,0.583,0.45,4.3,1.6,2.5,64.7,0.2,0.5,37.9,0.1,0.2,40,0,0.1,25,0,0,100,0,0,0
243,243,Jakob Pöltl,C,22,TOR,82,1524,17.5,0.662,0.005,0.263,12.4,16.4,14.4,5.4,1.3,5.2,16.6,14.8,3.1,2.4,5.6,0.4,2.9,3.3,2,18.6,3.1,4.7,0.659,0,0,0.5,3.1,4.7,0.66,0.66,0.594,6.9,2.8,3.9,71.3,0.2,0.5,33.3,0.1,0.2,52.9,0,0,0,0,0,50,0,0,0
244,244,Otto Porter,SF,24,WAS,77,2432,18.3,0.602,0.354,0.145,4.8,18.1,11.4,10.1,2.4,1.5,7.4,18.4,5,3.1,8.1,2.4,1.2,3.6,3.4,31.6,5.8,11.5,0.503,1.8,4.1,0.441,4,7.4,0.537,0.581,0.828,14.7,1.6,2.4,66.5,0.5,1.1,45.9,0.5,1.3,41,1,1.9,55.2,1,2.1,46.6,1.2,2.7,42.6
245,245,Bobby Portis,PF,22,CHI,73,1643,19.7,0.548,0.275,0.192,10,23,16.2,13.2,1.5,1.3,10.5,26,2,1.5,3.5,1,-0.6,0.3,1,22.5,5.2,11.1,0.471,1.1,3.1,0.359,4.1,8.1,0.514,0.52,0.769,13.2,2.3,4.3,54.2,0.6,1.2,51.2,0.4,0.9,49.2,0.6,1.1,49.4,0.5,1.6,33.9,0.8,2,38.5
246,246,Kristaps Porzingis,PF,22,NYK,48,1553,20.4,0.539,0.256,0.309,4.4,18.1,11.3,6.2,1.1,6.4,8.4,31,1.4,1.8,3.2,-0.5,-0.2,-0.7,0.5,32.4,8.1,18.5,0.439,1.9,4.8,0.395,6.3,13.8,0.454,0.489,0.793,22.7,1.9,3.6,53.8,1,2.3,42.1,1.8,4.1,45.1,1.3,3.2,40.7,0.6,1.5,41.1,1.5,3.8,39.7
247,247,Dwight Powell,C,26,DAL,79,1672,18.8,0.656,0.195,0.43,8.7,21.3,14.7,8.5,2,1.7,10.3,15.5,4.6,2.1,6.6,1.1,1.6,2.7,2,21.2,3.2,5.4,0.593,0.4,1.1,0.333,2.9,4.4,0.656,0.626,0.719,8.5,2.6,3.5,73.6,0.1,0.3,26.9,0.1,0.1,40,0.1,0.2,35.3,0.3,0.7,39.2,0.2,0.6,29.8
248,248,Norman Powell,SG,24,TOR,70,1062,8.5,0.492,0.497,0.104,1.5,10.9,6.3,11.8,1.7,1.2,14.4,18.9,-0.6,1.2,0.6,-2.5,-0.4,-2.8,-0.2,15.2,2.1,5.3,0.401,0.8,2.7,0.285,1.4,2.7,0.516,0.472,0.821,5.5,1,1.9,54.2,0.2,0.4,52.2,0.1,0.2,45.5,0.1,0.3,25,0.4,1.4,30.9,0.4,1.4,29.8
249,249,Ivan Rabb,PF,20,MEM,36,516,16.6,0.599,0,0.237,11.6,24.1,17.7,10.4,1.2,2.4,17.3,17.7,0.7,0.5,1.2,-1.7,0.3,-1.5,0.1,14.3,2.4,4.2,0.566,0,0,0,2.4,4.2,0.566,0.566,0.806,5.6,1.5,2.3,64.1,0.2,0.4,50,0.3,0.6,47.6,0.5,0.9,51.7,0.1,0.3,40,0,0,0
250,250,Julius Randle,C,23,LAL,82,2190,19.9,0.606,0.05,0.47,8.9,22.8,15.9,15.8,0.9,1.7,16.3,25.3,4,2.6,6.6,0.4,0.6,0.9,1.6,26.7,6.1,11,0.558,0.1,0.5,0.222,6,10.5,0.575,0.563,0.718,16.1,5.1,7.7,66.3,0.6,1.8,35.3,0.1,0.4,37.9,0.1,0.4,23.5,0.1,0.3,29.2,0.1,0.4,22.9
251,251,Zach Randolph,PF,36,SAC,59,1508,17.3,0.529,0.193,0.14,7,23.7,15,14.9,1.4,0.6,12.5,27.6,0.3,1.2,1.5,-0.6,-1.2,-1.8,0.1,25.6,6.1,12.9,0.473,0.9,2.5,0.347,5.3,10.4,0.503,0.507,0.785,14.5,2.7,4.2,64.5,1.1,2.5,42.6,0.4,1.2,32.4,0.9,2,46.2,0.5,1.4,35.7,0.6,1.7,34.7
252,252,J.J. Redick,SG,33,PHI,70,2116,15.9,0.614,0.523,0.248,0.5,8.3,4.5,15.1,0.8,0.2,9.6,21.7,4.8,1.8,6.6,2.6,-2.6,0,1.1,30.2,5.8,12.6,0.46,2.8,6.6,0.42,3,6,0.504,0.569,0.904,17.1,0.7,1.2,59.5,0.1,0.3,31.6,0.3,0.6,48.8,1,2,50,1.7,3.6,48,1.9,4.8,39.6
253,253,Josh Richardson,SF,24,MIA,81,2689,13.6,0.551,0.38,0.16,2.9,9,6,13.2,2.3,2.4,12.9,18.2,1.8,3.5,5.4,-0.1,1.5,1.4,2.3,33.2,4.9,10.9,0.451,1.6,4.1,0.378,3.4,6.8,0.495,0.523,0.845,12.9,1.7,2.9,59.1,0.3,0.8,41.2,0.5,1,47.1,0.6,1.5,39.5,0.8,2.2,36,1,2.5,42.2
254,254,Austin Rivers,SG,25,LAC,61,2057,12.6,0.526,0.447,0.198,1.5,6.2,3.9,17.5,1.7,0.6,11.1,20.6,1.4,1,2.4,0.8,-1.7,-0.9,0.6,33.7,5.6,13.2,0.424,2.2,5.9,0.378,3.4,7.3,0.461,0.508,0.642,15.1,2.6,4.8,53.1,0.4,1.3,31.3,0.3,0.8,34,0.1,0.3,37.5,0.8,2,39.5,1.5,4,36.6
255,255,Andre Roberson,SG,26,OKC,39,1037,10.9,0.543,0.222,0.235,7.8,12.2,9.9,6,2.2,3.1,14.4,8.6,0.8,1.3,2.2,-1.3,2.8,1.5,0.9,26.6,2.2,4.2,0.537,0.2,0.9,0.222,2,3.2,0.627,0.562,0.316,5,2,3.2,63.7,0,0,0,0,0,0,0,0,0,0.1,0.7,19.2,0.1,0.2,37.5
256,256,Rajon Rondo,PG,31,NOP,65,1705,15.3,0.522,0.304,0.093,2,14.2,8.4,42.2,2,0.5,22.7,16.9,1.9,1.7,3.6,-0.4,-0.7,-1.1,0.4,26.2,3.6,7.6,0.468,0.8,2.3,0.333,2.8,5.3,0.526,0.518,0.543,8.3,2.1,3.6,58,0.3,0.6,51.2,0.1,0.3,50,0.2,0.6,32.5,0.5,1.6,30.7,0.4,1,37.1
257,257,Terry Rozier,PG,23,BOS,80,2068,15.1,0.52,0.503,0.186,3.4,16.3,9.9,17.5,1.9,0.8,8.5,20.4,2.2,3.4,5.6,0.8,1,1.8,2,25.9,4,10,0.395,1.9,5,0.381,2,5,0.41,0.491,0.772,11.3,1.1,2.3,48.4,0.2,0.7,31.6,0.2,0.6,33.3,0.4,1,37.3,0.7,1.9,35.7,1.3,3.2,40.2
258,258,Ricky Rubio,PG,27,UTA,77,2254,15.4,0.537,0.33,0.307,2.2,15.3,8.8,28.4,2.7,0.4,18.1,22.9,1.5,3.8,5.3,0.1,1.6,1.7,2.1,29.3,4.5,10.7,0.418,1.2,3.5,0.352,3.2,7.2,0.451,0.476,0.866,13.1,1.1,2.2,49.7,0.2,0.6,28.3,0.6,1.4,46.2,1.1,2.4,44.3,0.9,2.4,36.9,0.6,1.7,37.7
259,259,D'Angelo Russell,PG,21,BRK,48,1234,15.2,0.509,0.414,0.195,2.6,13.8,8.1,35.7,1.4,1,16.8,30.8,-0.5,0.9,0.4,0.8,-1.2,-0.4,0.5,25.7,5.8,14,0.414,1.9,5.8,0.324,3.9,8.2,0.477,0.481,0.74,15.5,1.7,3,56.9,0.6,1.7,34.6,0.6,1.4,44.9,0.8,1.5,51.4,0.7,2.1,33,1.4,4.1,33.2
260,260,Domantas Sabonis,C,21,IND,74,1810,17.5,0.567,0.056,0.339,10.4,25.2,17.8,12.7,1.1,1.6,15.3,22.1,2.5,2.2,4.7,-0.8,0.5,-0.3,0.8,24.5,4.6,8.9,0.514,0.2,0.5,0.351,4.4,8.4,0.524,0.524,0.75,11.6,3.1,4.9,61.9,0.5,1.3,41.5,0.3,0.7,41.2,0.4,1,35.6,0.2,0.6,38.3,0.1,0.4,33.3
261,261,Dario aric,PF,23,PHI,78,2310,15.8,0.582,0.448,0.233,7.5,16.4,12.1,13,1.1,0.7,13.1,20.9,3.8,2.8,6.6,1.6,-0.2,1.4,2,29.6,5.2,11.4,0.453,2,5.1,0.393,3.2,6.3,0.501,0.541,0.86,14.6,2.2,3.6,62.1,0.3,0.9,35.2,0.1,0.4,32.1,0.3,1,34.2,0.6,1.5,39.7,1.6,4.1,38.7
262,262,Tomá Satoranský,SG,26,WAS,73,1643,15.4,0.615,0.263,0.25,5,11.1,8,24.8,1.6,0.8,16.3,13.7,3.7,1.3,5,1.3,-0.2,1.1,1.3,22.5,2.8,5.3,0.523,0.6,1.4,0.465,2.1,3.9,0.544,0.585,0.781,7.2,1.2,1.8,63.2,0.4,0.8,56.4,0.2,0.5,42.5,0.3,0.6,42.9,0.4,0.9,43.8,0.3,0.6,48.9
263,263,Dennis Schröder,PG,24,ATL,67,2078,17.3,0.515,0.229,0.231,2.4,8.8,5.6,36.2,1.7,0.2,12.7,30.4,1.5,1,2.6,1.5,-2.2,-0.7,0.7,31,7.5,17.1,0.436,1.1,3.9,0.29,6.3,13.2,0.48,0.469,0.849,19.4,3.2,6,52.7,0.4,1.1,37,0.9,2,42.2,1.6,3.3,47.7,0.8,2.3,32.9,0.7,2.2,30.6
264,264,Mike Scott,PF,29,WAS,76,1406,13.6,0.599,0.311,0.145,4,15.8,9.9,9.1,0.8,0.6,12.4,20,1.4,1,2.5,-0.5,-1.8,-2.3,-0.1,18.5,3.6,6.9,0.527,0.9,2.1,0.405,2.8,4.8,0.582,0.59,0.658,8.8,1,1.5,65.8,0.4,0.9,47.2,0.6,1,60.8,0.6,1.2,55.1,0.4,0.9,42,0.6,1.3,41.6
265,265,Thabo Sefolosha,SF,33,UTA,38,806,15.8,0.591,0.35,0.225,4.1,18.4,11.3,6.3,3.2,1.3,10.2,16.4,1,1.6,2.6,-0.3,2.3,1.9,0.8,21.2,3.1,6.3,0.492,0.8,2.2,0.381,2.3,4.1,0.551,0.558,0.815,8.2,1.6,2.4,66.7,0.1,0.4,25,0.2,0.6,40.9,0.1,0.3,33.3,0.8,2,41.6,0.2,0.5,35
266,266,Wayne Selden,SG,23,MEM,35,692,11.8,0.551,0.454,0.219,2.6,6.8,4.7,16,1.3,0.7,15.5,22.6,0.1,0.2,0.3,-0.7,-3.3,-4,-0.4,19.8,3.3,7.7,0.431,1.4,3.5,0.402,1.9,4.2,0.456,0.522,0.746,9.3,1,1.9,52.2,0.3,1,30.6,0.2,0.6,40,0.3,0.5,57.9,0.5,1.3,36.2,1,2.2,43.6
267,267,Pascal Siakam,PF,23,TOR,81,1679,14.5,0.549,0.265,0.175,5.4,18.6,12.1,13.5,1.8,2,11.1,15.7,2.1,2.5,4.7,0,2.2,2.1,1.7,20.7,3.1,6.1,0.508,0.4,1.6,0.22,2.8,4.5,0.612,0.537,0.621,7.3,2.3,3.3,68.9,0.3,0.9,38.6,0.1,0.3,47.6,0,0,33.3,0.3,1.1,24.2,0.1,0.5,17.1
268,268,Ben Simmons,PG,21,PHI,81,2732,20,0.557,0.011,0.342,5.9,19.5,13,37.4,2.5,2.1,19.5,22.3,4.2,5,9.2,1,3.6,4.6,4.6,33.7,6.7,12.3,0.545,0,0.1,0,6.7,12.2,0.551,0.545,0.56,15.8,5,7.2,69.3,0.9,2.5,37.3,0.6,1.9,31.8,0.2,0.5,34.9,0,0,33.3,0,0,0
269,269,Jonathon Simmons,SG,28,ORL,69,2029,12.7,0.555,0.268,0.317,3.3,9.7,6.5,13.3,1.4,0.6,14.4,22,0.8,1.1,1.9,-1,-1.3,-2.3,-0.2,29.4,5.1,11,0.465,1,3,0.338,4.1,8.1,0.512,0.511,0.768,13.9,2.5,3.9,63.9,0.6,1.6,36.7,0.4,1,36.2,0.6,1.4,41.1,0.5,1.3,39.6,0.6,1.8,33.9
270,270,Kobi Simmons,PG,20,MEM,32,643,7.7,0.49,0.206,0.132,2.5,6.6,4.5,16.5,1.4,0.7,18,17,-0.4,0.2,-0.2,-3.9,-2.1,-6,-0.6,20.1,2.5,5.9,0.423,0.3,1.2,0.282,2.2,4.7,0.46,0.452,1,6.1,1.5,2.3,64,0.2,0.7,28.6,0.3,0.8,38.5,0.1,0.5,17.6,0.2,1,23.3,0.2,0.5,37.5
271,271,Marcus Smart,SG,23,BOS,54,1614,10.8,0.479,0.483,0.258,3,9.8,6.4,23.7,2.2,1.2,18.4,19.4,-0.6,2.5,1.9,-1.6,1.1,-0.5,0.6,29.9,3.5,9.5,0.367,1.4,4.6,0.301,2.1,4.9,0.429,0.44,0.729,10.2,1.1,2.2,51.3,0.3,1,32.7,0.2,0.8,31,0.3,0.6,44.1,0.5,1.5,35.8,1,3.3,29.5
272,272,Dennis Smith,PG,20,DAL,69,2049,12.8,0.473,0.331,0.188,2.6,11.8,7,29.5,1.7,0.8,14.9,28.9,-2.4,1.7,-0.7,-1.5,-0.7,-2.2,-0.1,29.7,5.9,14.8,0.395,1.5,4.9,0.313,4.3,9.9,0.435,0.446,0.694,15.2,3.1,5.5,55.5,0.2,0.8,24.6,0.2,1,18.2,0.5,1.6,30.4,0.9,2.7,35.1,1,3,32.1
273,273,Ish Smith,PG,29,DET,82,2043,15.4,0.525,0.126,0.145,1.4,10.9,6.1,28.4,1.6,0.9,11.2,20.8,2.4,2,4.4,-0.6,-0.6,-1.2,0.4,24.9,4.7,9.8,0.486,0.4,1.2,0.347,4.3,8.5,0.506,0.507,0.698,10.9,2,3.4,58.9,0.5,1.3,40.4,0.7,1.3,50,1,2.2,45.8,0.3,0.9,37.1,0.2,0.6,35.8
274,274,J.R. Smith,SG,32,CLE,80,2244,8.4,0.534,0.64,0.094,1.5,10.1,5.9,8.6,1.5,0.4,11.6,13.8,0.6,0.9,1.4,-0.6,-1,-1.7,0.2,28.1,3,7.4,0.403,1.8,4.8,0.375,1.2,2.7,0.453,0.524,0.696,8.3,0.4,0.8,52.5,0.2,0.4,42.9,0.2,0.4,36.4,0.3,0.6,46,1.2,2.7,45.4,0.8,2.4,31.3
275,275,Tony Snell,SG,26,MIL,75,2053,8.5,0.578,0.631,0.113,0.5,7.5,4,6.5,1.1,1.2,7.5,10.6,1.6,0.7,2.4,-0.5,-1.3,-1.8,0.1,27.4,2.5,5.7,0.435,1.4,3.6,0.403,1,2.1,0.49,0.562,0.792,6.9,0.7,1.1,60.2,0.1,0.3,21.7,0.1,0.2,50,0.1,0.3,45.5,0.7,1.8,39.1,0.8,1.9,40.4
276,276,Marreese Speights,C,30,ORL,52,675,13.7,0.539,0.668,0.158,3.4,18.4,10.8,9.8,0.6,2.6,9.7,26.9,0.1,0.5,0.6,0.2,-2.9,-2.8,-0.1,13,2.7,6.7,0.395,1.7,4.5,0.369,1,2.2,0.448,0.519,0.727,7.7,0.4,0.9,48.8,0.2,0.5,44,0.2,0.4,63.2,0.2,0.5,34.8,0.3,0.7,41.2,1.4,4,35.5
277,277,Lance Stephenson,SG,27,IND,82,1850,12.4,0.495,0.327,0.179,3.8,22,12.9,18.6,1.2,0.8,14.6,21.6,-0.2,2,1.8,-2,-0.1,-2,0,22.6,3.7,8.6,0.427,0.8,2.8,0.289,2.9,5.8,0.495,0.475,0.661,9.2,1.7,2.8,59.1,0.1,0.4,30.6,0.2,0.5,51.4,0.6,1.6,41.4,0.4,1.3,33.3,0.5,1.9,29.4
278,278,Jayson Tatum,SF,19,BOS,80,2438,15.3,0.586,0.29,0.309,2.3,15.6,9,8.3,1.7,2,10.7,19.5,3,4,7.1,-0.5,1.5,1,1.8,30.5,5,10.4,0.475,1.3,3,0.434,3.7,7.4,0.492,0.538,0.826,13.9,2.3,4,57.4,0.1,0.5,23.1,0.3,0.8,37.7,0.7,1.6,43.3,1,1.9,49.4,0.7,1.7,38.5
279,279,Isaiah Taylor,PG,23,ATL,67,1167,10.9,0.492,0.205,0.362,2.1,6.9,4.5,27,1.4,0.7,15.7,20.1,0.2,0.5,0.6,-2.9,-2.5,-5.4,-1,17.4,2.4,5.8,0.418,0.3,1.2,0.25,2.1,4.6,0.461,0.444,0.702,6.6,1.6,2.9,55.4,0.3,0.8,39.2,0.1,0.6,18.4,0,0.1,25,0.3,0.8,36.5,0.1,0.6,17.1
280,280,Jeff Teague,PG,29,MIN,70,2311,16.4,0.553,0.287,0.301,1.2,9.3,5.2,30.6,2.2,0.9,16.4,20.6,3.4,1.4,4.9,1.5,-1.3,0.2,1.3,33,5.1,11.3,0.446,1.2,3.3,0.368,3.9,8.1,0.477,0.499,0.845,14.2,1.9,3.2,59.6,0.9,2.3,37.7,0.7,1.6,42.9,0.3,0.8,42.1,0.5,1.4,38,0.7,1.9,36
281,281,Garrett Temple,SG,31,SAC,65,1615,10.2,0.536,0.477,0.164,1.5,9.6,5.4,11.3,1.8,1.6,13.4,16.4,0.3,0.9,1.2,-1.3,-0.6,-1.8,0.1,24.8,3.1,7.3,0.418,1.4,3.5,0.392,1.7,3.8,0.442,0.512,0.769,8.4,0.7,1.3,56.5,0.1,0.3,27.8,0.2,0.5,46.9,0.5,1.3,37.8,0.9,2.3,38.9,0.6,1.6,40
282,282,Milo Teodosic,PG,30,LAC,45,1134,11.6,0.564,0.644,0.128,1.6,10.5,6.1,26.2,1,0.4,20.3,18.2,0.9,0.5,1.4,0.8,-2.2,-1.4,0.2,25.2,3.4,8,0.419,2,5.2,0.379,1.4,2.8,0.492,0.542,0.848,9.5,0.4,0.6,64.3,0,0.2,25,0.3,0.4,57.9,0.5,1.2,43.4,0.8,1.8,43.8,1.4,3.8,36.5
283,283,Jason Terry,SG,40,MIL,51,814,8.1,0.525,0.747,0.058,0.7,6.2,3.5,9.7,2.6,1.4,13.7,10.1,0.1,0.6,0.7,-1.6,-0.5,-2.1,0,16,1.2,3,0.383,0.8,2.3,0.348,0.4,0.8,0.487,0.513,0.889,3.3,0.2,0.3,57.1,0,0.1,0,0.1,0.2,62.5,0.1,0.2,55.6,0.5,1.4,39.1,0.3,1,28
284,284,Daniel Theis,C,25,BOS,63,936,16.1,0.616,0.249,0.348,10.7,21.2,16,9.1,1.6,4.3,17.2,15.5,1.6,1.9,3.5,-0.8,3.4,2.6,1.1,14.9,2,3.7,0.541,0.3,0.9,0.31,1.7,2.8,0.617,0.579,0.753,5.3,1.3,1.9,68.9,0.1,0.2,41.7,0.1,0.2,53.3,0.2,0.4,47.8,0.2,0.5,40,0.1,0.5,23.5
285,285,Lance Thomas,PF,29,NYK,73,1353,6.3,0.513,0.464,0.199,3.6,10.7,7.2,4.2,1.1,0.9,12.1,10.7,0.3,0.6,0.9,-2.1,-0.5,-2.6,-0.2,18.5,1.4,3.7,0.382,0.7,1.7,0.403,0.7,2,0.364,0.476,0.83,4.1,0.4,1,43.8,0.1,0.3,18.2,0,0.1,37.5,0.1,0.3,32,0.5,1.2,42.4,0.3,0.7,35.8
286,286,Klay Thompson,SG,27,GSW,73,2506,16,0.598,0.442,0.083,1.5,10.3,6.2,11.2,1.1,1.1,9.5,23.7,3.1,1.8,4.9,1.8,-2.4,-0.6,0.9,34.3,7.9,16.2,0.488,3.1,7.1,0.44,4.7,9,0.526,0.585,0.837,20,1.4,2.2,65,0.2,0.6,35.6,0.8,1.7,49.2,1.6,3.2,50,1.9,3.7,50.5,1.9,4.6,41.2
287,287,Tristan Thompson,C,26,CLE,53,1072,13.6,0.569,0,0.336,13.4,23.3,18.4,4.3,0.7,1.3,11.8,12.6,1.8,0.7,2.5,-1.6,-0.9,-2.5,-0.1,20.2,2.5,4.4,0.562,0,0,0,2.5,4.4,0.562,0.562,0.544,5.8,2.1,3.3,63.8,0.3,0.8,36.6,0.1,0.2,33.3,0,0.1,33.3,0,0,0,0,0,0
288,288,Sindarius Thornwell,SG,23,LAC,73,1156,8.2,0.519,0.262,0.378,3.2,10,6.7,7.8,2,1.8,16.3,12.1,0.1,0.9,1,-2.6,1,-1.6,0.1,15.8,1.4,3.2,0.429,0.3,0.8,0.377,1.1,2.4,0.448,0.479,0.67,3.9,0.8,1.7,45.6,0.2,0.4,37.9,0.1,0.2,50,0,0.1,28.6,0.3,0.6,44.2,0.1,0.4,38.5
289,289,Anthony Tolliver,PF,32,DET,79,1757,13.9,0.663,0.773,0.282,3.1,12.3,7.6,7.5,0.9,1.1,9.9,14.8,3.8,1.5,5.3,2.3,-0.8,1.5,1.5,22.2,2.8,6,0.464,2,4.6,0.436,0.8,1.4,0.561,0.632,0.797,8.9,0.6,1,63.3,0.1,0.2,28.6,0,0.1,37.5,0,0,33.3,0.7,1.8,41,1.3,2.9,45.4
290,290,Karl-Anthony Towns,C,22,MIN,82,2918,24.9,0.646,0.243,0.343,9.3,30.9,20,10.8,1.1,3.5,10.5,22.9,10.6,3.4,14,4.4,1.1,5.5,5.5,35.6,7.8,14.3,0.545,1.5,3.5,0.421,6.3,10.8,0.585,0.596,0.858,21.3,4.1,5.9,68.4,1.1,2.5,46,0.5,1.1,43.8,0.5,1,44.6,0.8,1.5,54.3,0.8,2.2,36.8
291,291,P.J. Tucker,PF,32,HOU,82,2281,8.3,0.537,0.703,0.136,4.6,17.8,11.3,4.6,1.7,1,13.7,10.5,1,3,3.9,-1.5,1.5,0,1.2,27.8,2.1,5.4,0.39,1.4,3.8,0.371,0.7,1.6,0.435,0.52,0.717,6.1,0.5,1,54.4,0.1,0.3,23.8,0,0.1,20,0,0.1,33.3,1.2,3.1,40.3,0.2,0.9,24.7
292,292,Evan Turner,SF,29,POR,79,2034,9.9,0.52,0.229,0.185,1.6,11.4,6.5,12.4,1.1,1.2,13.7,15.6,0.5,2.1,2.6,-2.4,0.6,-1.8,0.1,25.7,3.3,7.3,0.447,0.5,1.7,0.318,2.7,5.6,0.485,0.484,0.85,8.2,0.7,1.2,63,0.5,1.1,44.3,0.8,1.9,44.9,0.6,1.4,44.9,0.4,1.4,30.8,0.2,0.5,38.9
293,293,Myles Turner,C,21,IND,65,1836,16.6,0.567,0.246,0.322,5.8,19.8,12.8,7,1,5.7,11.6,20,2.2,2.5,4.7,-1.1,1.8,0.7,1.3,28.2,4.7,9.8,0.479,0.9,2.4,0.357,3.8,7.4,0.519,0.523,0.777,12.7,1.8,3,59.8,0.3,0.6,46.2,0.2,0.6,38.1,1.1,2.2,48.6,0.6,1.3,43.5,0.8,2,37.4
294,294,Ekpe Udoh,C,30,UTA,63,810,15.2,0.56,0.008,0.467,9.6,11.4,10.5,9.1,2.7,7.7,12.1,9.1,1.3,1.8,3.2,-1.1,6.8,5.7,1.6,12.9,1,1.9,0.5,0,0,0,1,1.9,0.504,0.5,0.75,2.6,0.7,1.1,65.3,0.2,0.5,33.3,0,0.2,23.1,0,0.1,0,0,0,0,0,0,0
295,295,Tyler Ulis,PG,22,PHO,71,1658,10.1,0.465,0.265,0.183,1.5,6.8,4.1,28,2,0.3,17.6,18.5,-0.7,0.5,-0.2,-2.8,-2.4,-5.2,-1.3,23.4,3,7.8,0.388,0.6,2.1,0.288,2.4,5.7,0.425,0.426,0.832,7.8,0.5,1.3,40,0.3,0.7,46.9,0.9,1.9,46.2,0.6,1.7,38.3,0.2,0.8,27.3,0.4,1.3,32.6
296,296,Jonas Valanciunas,C,25,TOR,77,1727,22.5,0.628,0.108,0.307,12.1,30.3,21.4,7.5,0.8,3.2,12.9,22.7,4.6,3,7.6,0.7,0.8,1.5,1.5,22.4,5.1,8.9,0.568,0.4,1,0.405,4.7,8,0.587,0.59,0.806,12.7,3.4,5.1,65.8,0.8,1.8,45.3,0.3,0.7,40.4,0.2,0.3,70,0.1,0.3,29.2,0.3,0.7,44.4
297,297,Denzel Valentine,SG,24,CHI,77,2095,12.1,0.527,0.513,0.071,2.4,18.3,10.1,17.8,1.5,0.5,11.8,17.5,1,1.5,2.5,-0.4,-0.1,-0.5,0.8,27.2,3.9,9.4,0.417,1.9,4.8,0.386,2.1,4.6,0.45,0.517,0.745,10.2,0.8,1.4,56.1,0.4,0.8,42.2,0.4,1,43.4,0.3,0.9,35.3,0.9,2.4,36.4,1.1,2.8,41.5
298,298,Fred VanVleet,PG,23,TOR,76,1520,15.9,0.556,0.479,0.185,1.9,11.5,6.8,22.8,2.2,1,11.2,19.1,2.7,2,4.7,1.9,0.1,1.9,1.5,20,3.1,7.2,0.426,1.4,3.4,0.414,1.6,3.7,0.437,0.525,0.832,8.6,1.4,2.9,49.1,0.1,0.4,32.3,0,0.2,5.9,0.1,0.2,33.3,0.7,1.5,44.8,0.8,1.9,40.1
299,299,Nikola Vucevic,C,27,ORL,57,1683,19.7,0.533,0.243,0.112,6.6,27.8,17.1,19.9,1.6,3,11,25.9,1.3,2.3,3.6,0.6,2.1,2.7,2,29.5,7,14.7,0.475,1.1,3.6,0.314,5.9,11.2,0.527,0.513,0.819,16.5,2.8,3.9,71.5,1.1,2.6,44.5,0.7,1.9,37.4,0.9,1.9,48.6,0.5,1.5,35.7,0.9,3.1,30.5
300,300,Dion Waiters,SG,26,MIA,30,918,10.5,0.487,0.415,0.168,1,8.5,4.7,19.8,1.3,0.8,13.7,25,-0.7,0.8,0.1,-2.1,-2,-4,-0.5,30.6,5.4,13.7,0.398,1.7,5.7,0.306,3.7,8,0.463,0.461,0.739,14.3,2.5,4.4,55.6,0.2,0.6,26.3,0.2,0.5,42.9,0.5,1.6,34,1.2,3,39.3,0.9,3.5,26
301,301,Kemba Walker,PG,27,CHO,80,2736,20.6,0.572,0.441,0.308,1.2,8.7,4.9,27.4,1.6,0.7,10.4,27.4,6.5,2,8.6,5.1,-1.9,3.2,3.6,34.2,7.4,17,0.431,2.9,7.5,0.384,4.5,9.5,0.469,0.516,0.864,22.1,2.4,4.5,52.9,0.3,0.9,36.2,0.6,1.3,42.5,1,2.4,42.9,0.7,1.7,40.9,2.4,6.1,39.1
302,302,John Wall,PG,27,WAS,41,1410,19.1,0.515,0.25,0.361,1.8,10.2,6,44.5,2,2.8,17,29.1,1.2,1.5,2.7,1.6,0,1.5,1.2,34.4,6.8,16.3,0.42,1.5,4.1,0.371,5.3,12.2,0.436,0.466,0.726,19.4,3.4,5.8,59.3,0.3,0.8,34.4,0.3,1.1,29.5,1.1,3.7,30.7,0.5,1.6,30.8,1.2,3.2,37.1
303,303,Tyrone Wallace,PG,23,LAC,30,851,10.1,0.517,0.162,0.316,2.7,10.7,6.8,11.8,1.5,1.3,14.1,16.6,0.2,0.5,0.7,-2.1,0.2,-2,0,28.4,3.7,8.2,0.445,0.3,1.3,0.25,3.3,6.9,0.483,0.466,0.782,9.7,2.3,4,57.5,0.6,1.5,38.6,0.3,1.1,30.3,0.1,0.3,40,0.3,0.9,29.6,0.1,0.4,16.7
304,304,Taurean Waller-Prince,SF,23,ATL,82,2464,12.8,0.549,0.469,0.185,2.3,15.3,8.8,13.9,1.7,1.5,15.3,22.1,0,2,2,-0.7,0,-0.7,0.8,30,5.1,11.9,0.426,2.1,5.6,0.385,2.9,6.3,0.461,0.516,0.844,14.1,1.9,3.4,57.6,0.4,1.1,37.5,0.3,1,35.9,0.2,0.7,21.7,1.1,2.9,38.9,1.1,2.9,38.6
305,305,T.J. Warren,SF,24,PHO,65,2142,17.6,0.541,0.085,0.24,6.1,10.5,8.3,7.2,1.5,1.5,6.7,24.9,2.6,0.8,3.4,-0.1,-1.7,-1.9,0.1,33,8.1,16.4,0.498,0.3,1.4,0.222,7.8,15,0.523,0.507,0.757,19.6,4.6,7,65.2,0.9,2.2,40,1.2,2.6,43.9,1,2.6,39.6,0.4,1.3,27.7,0.2,0.6,23.8
306,306,David West,C,37,GSW,73,999,20.9,0.6,0.021,0.209,7.7,18.2,13.3,20.5,2.3,5.9,16.2,21.7,1.8,1.7,3.5,-0.2,3.2,3,1.3,13.7,3,5.2,0.571,0,0.1,0.375,2.9,5.1,0.576,0.575,0.759,6.8,1.5,2,73.8,0.3,0.8,38.2,0.4,0.8,54.4,0.7,1.3,51.6,0.1,0.3,25,0,0.1,50
307,307,Russell Westbrook,PG,29,OKC,80,2914,24.7,0.524,0.193,0.336,5.6,25.7,15.3,49.8,2.5,0.6,16.4,34.1,5.5,4.5,10.1,5.1,3.1,8.2,7.5,36.4,9.5,21.1,0.449,1.2,4.1,0.298,8.3,17,0.485,0.477,0.737,25.4,5,8.6,58,0.3,0.9,38.6,1,2.6,37.6,1.6,4,39.3,0.8,2.3,35.8,0.8,2.6,29
308,308,Hassan Whiteside,C,28,MIA,54,1364,24.1,0.573,0.003,0.315,14.3,36.6,25.4,6.9,1.4,5.9,12.3,24.7,2.3,3,5.3,-2.1,2.3,0.2,0.8,25.3,5.8,10.7,0.54,0,0,1,5.7,10.7,0.538,0.542,0.703,14,3.9,5.9,66.3,0.9,2.2,42.1,0.5,1.4,32.5,0.4,0.9,40.8,0,0.2,22.2,0,0,100
309,309,Andrew Wiggins,SF,22,MIN,82,2979,13,0.505,0.26,0.242,3.1,10.8,6.9,8.2,1.5,1.5,8.8,23.4,0.5,1.6,2.1,-1.1,-1.4,-2.5,-0.4,36.3,6.9,15.9,0.438,1.4,4.1,0.331,5.6,11.7,0.475,0.481,0.643,17.7,3,4.5,65.6,0.9,1.9,44,0.7,1.9,34.8,0.8,2.3,33.5,0.9,2.6,35.2,0.8,2.5,30.5
310,310,C.J. Williams,SG,27,LAC,38,707,9.5,0.512,0.396,0.081,1.9,6.7,4.4,8.5,2.1,1.5,8.9,13.7,0.3,0.5,0.7,-1.3,-0.1,-1.4,0.1,18.6,2.3,5.2,0.442,0.6,2.1,0.282,1.7,3.1,0.546,0.497,0.813,5.5,1.1,1.4,73.1,0.2,0.6,33.3,0.3,0.6,50,0.2,0.5,38.9,0.4,1.3,30.4,0.3,1,26.3
311,311,Lou Williams,SG,31,LAC,79,2589,20.2,0.574,0.387,0.367,1.7,6.6,4.2,26.3,1.6,0.6,13.1,29.8,5.5,1.2,6.7,3.8,-2.9,1,2,32.8,7.4,16.9,0.435,2.4,6.6,0.359,5,10.4,0.484,0.505,0.88,22.6,2.6,4.5,56.3,0.6,1.7,38.1,0.8,1.6,49.6,0.8,1.9,40.8,1,2.8,36.3,1.5,4.1,37
312,312,Marvin Williams,PF,31,CHO,78,2006,13.9,0.603,0.542,0.218,3.9,16.2,10,7,1.4,1.6,9.7,14.8,3.1,1.9,5,1.1,0.5,1.7,1.9,25.7,3.3,7.2,0.458,1.6,3.9,0.413,1.7,3.3,0.512,0.57,0.829,9.5,1.1,1.9,55.8,0.4,0.8,50.8,0.2,0.4,41.9,0,0.1,25,0.6,1.7,37.4,1,2.4,44
313,313,Justise Winslow,PF,21,MIA,68,1680,11.5,0.496,0.264,0.213,4.3,20.5,12.4,13,1.6,1.7,12.6,16.3,0.2,2.4,2.6,-2.7,1.7,-1,0.4,24.7,3,7.2,0.424,0.7,1.9,0.38,2.3,5.3,0.44,0.474,0.635,7.8,1.8,3.3,54.7,0.3,1.1,30.6,0.1,0.5,22.6,0.1,0.3,27.8,0.6,1.6,37.7,0.1,0.5,31.3
314,314,Delon Wright,PG,25,TOR,69,1433,16.5,0.574,0.354,0.271,3.6,11.7,7.7,19.6,2.5,1.8,13.9,17.2,2.5,2.1,4.5,1.2,1.6,2.8,1.7,20.8,2.9,6.3,0.465,0.8,2.2,0.366,2.1,4,0.52,0.53,0.829,8,1.8,3.2,57.7,0.2,0.6,29.3,0.1,0.2,36.4,0,0.1,50,0.3,0.8,36.8,0.5,1.3,37
315,315,Joe Young,PG,25,IND,53,558,10.1,0.521,0.355,0.156,2.4,10.3,6.4,9.9,1.3,0.2,11.6,18,0.1,0.4,0.5,-2.4,-2.3,-4.7,-0.4,10.5,1.5,3.5,0.43,0.5,1.2,0.379,1,2.3,0.458,0.497,0.759,3.9,0.5,0.9,53.2,0.1,0.3,41.7,0.2,0.4,50,0.2,0.7,35.3,0.3,0.5,46.2,0.3,0.9,37.8
316,316,Nick Young,SG,32,GSW,80,1393,10,0.562,0.668,0.133,1.7,7.9,5,3.5,1.3,0.4,7,17.5,0.8,0.9,1.7,-0.2,-3.4,-3.6,-0.6,17.4,2.5,6.1,0.412,1.5,4.1,0.377,1,2,0.481,0.538,0.862,7.3,0.3,0.5,70.3,0,0.1,25,0.3,0.5,53.5,0.3,0.7,40.4,0.7,1.9,37.1,0.9,2.3,37.3
317,317,Thaddeus Young,PF,29,IND,81,2607,14.8,0.528,0.209,0.106,8,14.1,11.1,8.5,2.6,1.2,10.4,17.3,2.3,3.2,5.5,0.1,1.4,1.5,2.3,32.2,5.2,10.7,0.487,0.7,2.2,0.32,4.5,8.4,0.531,0.521,0.598,11.8,3.1,5.1,61,0.8,1.8,43.1,0.2,0.6,36.5,0.3,0.8,33.9,0.5,1.2,38.9,0.4,1.2,32.3
318,318,Cody Zeller,C,25,CHO,33,627,15.9,0.602,0.019,0.545,11.4,19.3,15.3,7.4,1.1,2.8,14.6,15.7,1.2,0.7,1.9,-0.6,1.3,0.7,0.4,19,2.6,4.7,0.545,0.1,0.1,0.667,2.5,4.6,0.542,0.551,0.718,7.1,2,3.5,57.9,0.2,0.5,46.7,0,0.1,50,0.1,0.3,44.4,0.2,0.4,42.9,0,0.1,50
319,319,Paul Zipser,SF,23,CHI,54,824,5.2,0.445,0.47,0.107,1.6,16,8.5,8,1.2,1.6,14.9,15.2,-1.1,0.6,-0.6,-5.5,-0.3,-5.9,-0.8,15.3,1.5,4.3,0.346,0.7,2,0.336,0.8,2.3,0.355,0.425,0.76,4,0.5,0.8,55.6,0.1,0.3,16.7,0.1,0.3,28.6,0.2,0.6,25.8,0.4,1.1,36.7,0.4,1.2,28.8
320,320,Luke Babbitt,SF,28,TOT,50,715,9.8,0.576,0.726,0.102,1.1,13.9,7.5,6.5,0.5,0.8,7.8,15,0.5,0.4,0.9,-1,-2.2,-3.2,-0.2,14.3,1.8,4.3,0.423,1.2,3.1,0.385,0.6,1.2,0.525,0.563,0.773,5.2,0.1,0.2,58.3,0.1,0.2,55.6,0.1,0.3,33.3,0.3,0.4,60,0.7,1.5,44.6,0.6,1.8,34.1
321,321,Marco Belinelli,SG,31,TOT,80,1947,14.1,0.581,0.517,0.213,1.1,7.3,4.3,11.9,1.6,0.5,10.1,20.7,2.4,1.3,3.7,0.8,-2.1,-1.3,0.3,24.3,4.2,9.6,0.441,1.9,4.9,0.377,2.4,4.6,0.509,0.539,0.908,12.1,0.9,1.4,62.6,0.1,0.2,26.3,0.2,0.4,54.8,0.6,1.4,40.4,1.2,2.8,44.4,1.2,3.2,38.1
322,322,Eric Bledsoe,PG,28,TOT,74,2322,19.7,0.582,0.364,0.321,2.6,11.7,7.1,25.7,3.2,1.5,16.1,26.1,3.1,2.5,5.6,2.5,-0.3,2.1,2.4,31.4,6.3,13.4,0.473,1.7,4.9,0.347,4.6,8.5,0.545,0.536,0.795,17.7,3,4.5,65.2,0.4,1,41.3,0.5,1.1,44.3,0.6,1.4,42.5,0.6,1.8,35.1,1.2,3.4,36.4
323,323,Trevor Booker,PF,30,TOT,68,1158,14.9,0.557,0.096,0.271,11.1,18.6,14.9,10.8,1.2,1.5,13.3,16.6,1.6,1.3,2.9,-1,0.5,-0.5,0.4,17,2.6,5,0.516,0.1,0.5,0.242,2.5,4.6,0.545,0.528,0.71,6.3,1.7,2.7,61.7,0.6,1.3,48.9,0.1,0.3,30,0.1,0.3,36.8,0.1,0.2,25,0.1,0.2,25
324,324,Avery Bradley,SG,27,TOT,46,1433,9.6,0.496,0.325,0.131,1.7,7.3,4.5,10.4,1.8,0.5,13.3,23.5,-1.4,1.2,-0.2,-2.8,-1.4,-4.2,-0.8,31.2,5.6,13.6,0.414,1.6,4.4,0.369,4,9.2,0.436,0.474,0.768,14.3,2.1,3.8,55.5,0.4,1.1,34,0.4,1.1,33.3,0.8,2,40.7,1.2,3.3,36.4,0.8,2.3,33.3
325,325,Corey Brewer,SF-SG,31,TOT,72,1208,11.2,0.534,0.348,0.285,3.8,10,6.9,7.5,3.2,1,12.1,14.3,0.7,1.6,2.3,-1.6,1,-0.6,0.4,16.8,2,4.4,0.449,0.4,1.5,0.282,1.5,2.9,0.539,0.498,0.722,5.3,1.4,2.5,56.7,0.1,0.2,30.8,0,0.1,0,0,0.1,42.9,0.4,1.2,32.6,0.1,0.3,25
326,326,Jordan Clarkson,SG,25,TOT,81,1888,16.4,0.542,0.333,0.199,3.3,9.1,6.2,19.3,1.5,0.3,10.9,26.5,1.9,1.2,3,0.8,-2.7,-1.9,0.1,23.3,5.3,11.8,0.451,1.4,3.9,0.352,3.9,7.9,0.5,0.509,0.8,13.9,2.1,3.6,59.8,0.4,1,40.3,0.6,1.3,44.2,0.6,1.6,40.6,0.7,1.7,41.1,0.9,2.6,32.7
327,327,Jae Crowder,SF,27,TOT,80,2090,10.4,0.525,0.508,0.221,3.2,11.5,7.4,6.9,1.5,0.9,9.1,17.3,1,1.6,2.6,-0.8,-0.9,-1.7,0.1,26.1,3.4,8.4,0.404,1.4,4.3,0.323,2,4.1,0.488,0.486,0.818,9.7,1.5,2.5,61.6,0.1,0.2,21.1,0.1,0.3,33.3,0.2,0.5,28.6,0.9,2.6,33.7,0.7,2.3,30.8
328,328,Dante Cunningham,SF,30,TOT,73,1562,10,0.539,0.462,0.143,5.5,14.9,10.3,4.3,1.2,1.5,7.9,11.6,1.1,1.3,2.4,-1.4,0.1,-1.4,0.2,21.4,2.2,5,0.451,0.8,2.3,0.345,1.5,2.7,0.541,0.53,0.596,5.7,1.2,2,61.4,0,0.2,16.7,0,0.2,23.1,0.1,0.2,42.9,0.7,1.9,38.6,0.1,0.5,26.5
329,329,James Ennis,SF,27,TOT,72,1604,11.6,0.588,0.398,0.302,5.1,11,8,6.6,1.5,1,11.4,13.7,2,1.1,3.1,-0.6,-0.5,-1.1,0.4,22.3,2.5,5.3,0.474,0.7,2.1,0.333,1.8,3.2,0.567,0.54,0.836,7.1,1.4,2.3,62.8,0.1,0.2,31.3,0.1,0.3,47.6,0.1,0.2,41.2,0.4,1.2,34.5,0.4,1.1,34.6
330,330,Channing Frye,C,34,TOT,53,695,13.1,0.599,0.542,0.09,1.9,19.4,10.8,7.9,1.3,1.6,8.7,15.2,0.9,0.6,1.5,-0.7,-1,-1.7,0.1,13.1,2,4,0.491,0.7,2.2,0.339,1.2,1.8,0.67,0.583,0.895,5,0.7,0.9,77.8,0.1,0.1,85.7,0.1,0.2,55.6,0.2,0.3,60,0.5,1.2,37.1,0.5,1.4,35.6
331,331,Blake Griffin,PF,28,TOT,58,1970,19.6,0.544,0.323,0.331,4.1,19.8,12,28.1,1,0.8,12.6,28.9,3.2,1.8,4.9,2.9,-0.1,2.8,2.4,34,7.5,17.2,0.438,1.9,5.6,0.345,5.6,11.6,0.482,0.493,0.785,21.4,4,6.4,62.6,0.7,2.2,33.1,0.1,0.8,18.2,0.5,1.5,35.2,0.9,2.5,34.7,1.2,3.6,33.2
332,332,Devin Harris,PG,34,TOT,71,1340,13,0.563,0.5,0.374,1,9.8,5.3,16.9,1.8,0.8,12.6,20.2,1.6,0.9,2.5,-0.1,-1.9,-2,0,18.9,2.6,6.4,0.412,1.1,3.2,0.348,1.5,3.2,0.476,0.499,0.835,8.4,1.3,2.2,58.2,0.1,0.5,18.2,0.1,0.2,37.5,0.1,0.3,25,0.5,1.5,34.9,0.6,1.6,38.4
333,333,Tobias Harris,PF,25,TOT,80,2668,17.1,0.565,0.364,0.177,2.4,15.7,9,11.8,1.3,1.1,7.4,23.3,4.2,2.5,6.7,1.5,-0.8,0.7,1.8,33.4,7,15.3,0.46,2.3,5.6,0.411,4.7,9.7,0.488,0.535,0.829,18.6,2.4,4.1,58.6,0.8,2,42.1,0.9,2,45.2,0.6,1.4,39.5,0.9,2.3,38.4,1.5,3.5,42.3
334,334,Willy Hernangomez,C,23,TOT,48,495,21.2,0.604,0.073,0.549,13.3,27.2,20.2,10.5,1.8,2.7,14.7,21,1.1,0.7,1.8,0.1,0.8,0.9,0.4,10.3,1.9,3.4,0.555,0.1,0.3,0.417,1.8,3.2,0.566,0.57,0.656,5.1,1.4,2.3,64.2,0.3,0.7,45.2,0.1,0.2,42.9,0,0.2,14.3,0.1,0.1,50,0,0.1,28.6
335,335,George Hill,PG,31,TOT,67,1812,13.3,0.58,0.4,0.273,2.6,8.9,5.7,15,1.7,1.3,13.3,16.3,2.3,0.9,3.2,0.3,-0.9,-0.6,0.6,27,3.5,7.7,0.46,1.3,3.1,0.415,2.3,4.6,0.49,0.543,0.786,10,1.1,1.6,66.7,0.3,0.9,37.3,0.3,0.7,44.9,0.4,1,38.8,0.9,1.9,44.6,0.5,1.4,36.1
336,336,Rodney Hood,SG,25,TOT,60,1616,14.3,0.546,0.443,0.172,1.6,9.9,5.8,9.7,1.4,0.6,8,24.3,1.2,1.5,2.7,0.2,-2.2,-2,0,26.9,5.4,12.5,0.429,2.1,5.6,0.381,3.3,7,0.467,0.513,0.86,14.7,1,1.6,59.2,0.7,1.5,43.3,0.7,1.7,44.4,0.6,1.6,38.5,1,2.5,39.9,1.4,3.5,39.2
337,337,Ersan Ilyasova,PF,30,TOT,69,1729,14.9,0.558,0.413,0.22,7.6,18,12.9,7.9,1.7,1.3,9.7,18.7,2.2,1.9,4,0.2,-0.1,0.1,0.9,25.1,4,8.9,0.452,1.3,3.7,0.36,2.7,5.2,0.517,0.526,0.778,10.9,1.9,3.1,59,0.1,0.4,33.3,0.2,0.5,47.2,0.3,0.7,39.2,0.8,2.1,39.9,0.7,1.9,33.6
338,338,Mike James,PG,27,TOT,36,687,13.9,0.469,0.305,0.262,2,12.2,7,29.4,2,0.8,12,25.1,-0.1,0.3,0.2,-0.9,-1.8,-2.6,-0.1,19.1,3.4,8.9,0.383,0.7,2.7,0.265,2.7,6.2,0.435,0.424,0.762,9.3,1.5,2.9,52.4,0.5,1,45.9,0.3,0.8,40,0.3,1.1,27,0.5,1.3,37.8,0.4,1.7,21
339,339,Joe Johnson,SF,36,TOT,55,1205,8.1,0.49,0.403,0.125,1.3,14.7,8.1,10.2,0.7,0.5,11.4,15.9,-0.3,1.3,1,-3.4,-0.4,-3.8,-0.5,21.9,2.7,6.5,0.406,0.7,2.6,0.276,1.9,3.9,0.493,0.461,0.889,6.8,0.3,0.5,63,0.7,1.3,50.7,0.4,1,43.6,0.4,0.8,48.9,0.5,1.7,30.8,0.3,1.2,26.9
340,340,Sean Kilpatrick,SG,28,TOT,52,640,11.6,0.507,0.49,0.245,0.8,14.2,7.5,11.3,1,0.7,10.4,24.9,-0.2,0.3,0.1,-2.5,-3.6,-6.1,-0.7,12.3,2.1,5.7,0.374,0.9,2.8,0.319,1.2,2.9,0.427,0.452,0.889,6.3,0.8,1.5,52.6,0.1,0.5,29.2,0.1,0.3,30.8,0.2,0.6,38.5,0.5,1.7,28.9,0.5,1.3,36.4
341,341,DeAndre Liggins,SG,29,TOT,58,724,6,0.467,0.5,0.047,1.1,10.6,5.9,8.4,2.5,1.6,15.6,7.9,-0.2,0.7,0.5,-3.4,1.2,-2.2,0,12.5,0.7,1.8,0.377,0.3,0.9,0.358,0.4,0.9,0.396,0.467,0.4,1.7,0.2,0.4,36,0.1,0.1,50,0,0,0,0.1,0.1,37.5,0.3,0.9,32.7,0.2,0.3,56.3
342,342,Doug McDermott,SF,26,TOT,81,1768,10.4,0.579,0.425,0.159,2.5,10.2,6.3,6.5,0.5,0.8,9.3,15,1.7,0.6,2.3,-0.7,-1.7,-2.4,-0.2,21.8,2.9,6.3,0.467,1.1,2.7,0.426,1.8,3.6,0.497,0.557,0.79,7.8,1.3,2.2,61.5,0.2,0.3,44.4,0.1,0.3,34.6,0.1,0.5,23.3,0.6,1.4,42.5,0.6,1.5,41.1
343,343,Nikola Mirotic,PF,26,TOT,55,1494,18.7,0.577,0.523,0.2,4.3,24.9,14.6,8.6,1.4,2.2,7.7,23.4,2.2,1.8,4,1.4,-0.7,0.6,1,27.2,5.6,12.4,0.447,2.5,6.5,0.377,3.1,5.9,0.525,0.546,0.818,15.6,1.8,2.8,64.1,0.5,0.9,55.3,0.3,1,33.3,0.3,0.8,37,1.1,2.6,42.8,1.5,4.3,35.6
344,344,Greg Monroe,C,27,TOT,51,1040,21.2,0.598,0,0.308,11.4,25.2,18.3,18.7,2.1,1.8,17.7,22.4,1.8,1.6,3.4,0.1,2.3,2.4,1.2,20.4,4.3,7.6,0.565,0,0,0,4.3,7.6,0.565,0.565,0.739,10.3,3.5,5.4,64.4,0.5,1.5,33.8,0.1,0.3,38.5,0.2,0.4,50,0,0.1,33.3,0,0,0
345,345,Emmanuel Mudiay,PG,21,TOT,64,1245,11.5,0.474,0.281,0.245,2.3,11.3,6.8,24.5,1.6,0.8,16.2,24.4,-0.8,0.7,0,-2.6,-2.1,-4.7,-0.9,19.5,3.2,8.2,0.388,0.7,2.3,0.318,2.5,5.9,0.415,0.433,0.76,8.6,1.4,2.8,50.6,0.2,0.8,28.8,0.3,1,36.1,0.4,1.2,34.7,0.4,1.1,40.6,0.3,1.3,25.9
346,346,Larry Nance Jr.,C,25,TOT,66,1421,20.2,0.605,0.029,0.332,12.4,22,17.3,8.6,3,2.2,9.7,15.9,3.5,2.3,5.8,0.9,2.4,3.3,1.9,21.5,3.6,6.3,0.581,0,0.2,0.167,3.6,6.1,0.594,0.584,0.664,8.7,2.8,4.1,69.9,0.2,0.5,32.4,0.2,0.4,39.3,0.3,0.8,44,0.1,0.4,28,0,0,33.3
347,347,Jameer Nelson,PG,35,TOT,50,1013,8.1,0.489,0.508,0.082,1.4,9.5,5.6,22.8,1.3,0.3,21,13.7,-0.1,0.7,0.6,-2.6,-1.5,-4,-0.5,20.3,1.9,4.9,0.389,0.8,2.5,0.331,1.1,2.4,0.45,0.473,0.8,4.9,0.5,0.8,64.3,0,0.2,11.1,0.1,0.3,33.3,0.1,0.4,28.6,0.6,1.5,37.7,0.5,1.5,34.7
348,348,Elfrid Payton,PG,23,TOT,63,1808,16.5,0.538,0.138,0.252,3.8,12.8,8.2,34.9,2.2,1,18.5,21.9,1.4,1.4,2.8,0.1,0,0.1,1,28.7,5.2,10.6,0.493,0.5,1.5,0.326,4.7,9.1,0.52,0.516,0.649,12.7,3.4,5.5,62.5,0.6,1.6,36.3,0.4,0.9,39,0.3,0.9,33.9,0.3,0.9,34.5,0.3,0.8,31.4
349,349,Willie Reed,C,27,TOT,42,428,19.2,0.671,0.017,0.455,9.1,21.8,15.5,3.6,1,4.3,11.6,16.6,1,0.5,1.5,-0.8,-0.1,-0.9,0.1,10.2,1.9,2.9,0.669,0,0,0.5,1.9,2.8,0.672,0.674,0.582,4.6,1.4,2,70.7,0.4,0.6,69.6,0.1,0.3,40,0.1,0.1,50,0,0,100,0,0,0
350,350,Nik Stauskas,SG,24,TOT,41,523,9,0.543,0.649,0.188,0.8,12.3,6.5,11.1,0.8,0.6,13.5,15.9,0.1,0.3,0.3,-2.1,-1.8,-4,-0.3,12.8,1.5,3.8,0.39,1,2.4,0.4,0.5,1.3,0.37,0.519,0.724,4.4,0.4,0.7,50,0,0.2,12.5,0,0.1,0,0.1,0.2,25,0.3,0.9,30.6,0.8,1.6,47
351,351,Isaiah Thomas,PG,28,TOT,32,862,12.6,0.508,0.447,0.311,2.2,6.3,4.2,27.1,0.8,0.3,16.6,28.8,-0.1,0.3,0.2,-0.9,-4.3,-5.2,-0.7,26.9,4.9,13.2,0.373,1.7,5.9,0.293,3.2,7.3,0.438,0.438,0.893,15.2,1.5,3.2,47.5,0.4,1,37.5,0.5,1.3,34.9,0.7,1.5,50,0.7,2.2,33.3,1.1,3.9,28.6
352,352,Noah Vonleh,PF,22,TOT,54,875,12.8,0.509,0.282,0.248,8.5,30.2,19.2,5.7,1.1,1.6,10.7,14.5,0.5,1.2,1.6,-3.4,0.3,-3.1,-0.2,16.2,1.9,4.3,0.444,0.4,1.2,0.303,1.6,3.1,0.5,0.487,0.621,4.9,1.1,1.9,56.9,0.2,0.4,40.9,0.1,0.2,36.4,0.2,0.4,52.6,0.2,0.7,25.7,0.3,0.8,31.1
353,353,Dwyane Wade,SG,36,TOT,67,1536,15,0.5,0.163,0.277,3.7,14.6,9.2,23.5,2,2.6,15.5,26.2,-0.4,1.6,1.1,-2.4,0.3,-2.1,0,22.9,4.5,10.2,0.438,0.5,1.7,0.288,4,8.5,0.468,0.462,0.714,11.4,2.3,3.6,63.6,0.4,1.1,38.4,0.4,1.7,26.1,0.7,1.9,40,0.2,1,24.2,0.3,1,35.4
354,354,Tyler Zeller,C,28,TOT,66,1109,16,0.598,0.084,0.237,11,19.4,15.2,6.7,0.7,2.5,11.3,16.4,2,0.9,2.9,-1.1,-0.5,-1.6,0.1,16.8,2.8,5.1,0.56,0.2,0.4,0.357,2.7,4.6,0.578,0.575,0.722,6.7,2.2,3.4,64.6,0.3,0.9,40.4,0.1,0.2,45.5,0,0.1,33.3,0.2,0.5,38.7,0,0,0
